Name,State,Year,rank
Princeton University,NJ,2000,4.0
Princeton University,NJ,2001,1.0
Princeton University,NJ,2002,1.0
Princeton University,NJ,2003,1.0
Princeton University,NJ,2004,1.0
Princeton University,NJ,2005,1.0
Princeton University,NJ,2006,1.0
Princeton University,NJ,2007,1.0
Princeton University,NJ,2008,1.0
Princeton University,NJ,2009,2.0
Princeton University,NJ,2010,1.0
Princeton University,NJ,2011,2.0
Princeton University,NJ,2012,1.0
Princeton University,NJ,2013,1.0
Princeton University,NJ,2014,1.0
Princeton University,NJ,2015,1.0
Princeton University,NJ,2016,1.0
Princeton University,NJ,2017,1.0
Princeton University,NJ,2018,1.0
Princeton University,NJ,1984,4.0
Princeton University,NJ,1986,4.0
Princeton University,NJ,1988,4.0
Princeton University,NJ,1989,2.0
Princeton University,NJ,1990,2.0
Princeton University,NJ,1991,4.0
Princeton University,NJ,1992,4.0
Princeton University,NJ,1993,2.0
Princeton University,NJ,1994,2.0
Princeton University,NJ,1995,2.0
Princeton University,NJ,1996,2.0
Princeton University,NJ,1997,2.0
Princeton University,NJ,1998,1.0
Harvard University,MA,2000,2.0
Harvard University,MA,2001,2.0
Harvard University,MA,2002,2.0
Harvard University,MA,2003,2.0
Harvard University,MA,2004,1.0
Harvard University,MA,2005,1.0
Harvard University,MA,2006,1.0
Harvard University,MA,2007,2.0
Harvard University,MA,2008,2.0
Harvard University,MA,2009,1.0
Harvard University,MA,2010,1.0
Harvard University,MA,2011,1.0
Harvard University,MA,2012,1.0
Harvard University,MA,2013,1.0
Harvard University,MA,2014,2.0
Harvard University,MA,2015,2.0
Harvard University,MA,2016,2.0
Harvard University,MA,2017,2.0
Harvard University,MA,2018,2.0
Harvard University,MA,1984,2.0
Harvard University,MA,1986,2.0
Harvard University,MA,1988,2.0
Harvard University,MA,1989,4.0
Harvard University,MA,1990,3.0
Harvard University,MA,1991,1.0
Harvard University,MA,1992,1.0
Harvard University,MA,1993,1.0
Harvard University,MA,1994,1.0
Harvard University,MA,1995,1.0
Harvard University,MA,1996,1.0
Harvard University,MA,1997,3.0
Harvard University,MA,1998,1.0
Yale University,CT,2000,4.0
Yale University,CT,2001,2.0
Yale University,CT,2002,2.0
Yale University,CT,2003,2.0
Yale University,CT,2004,3.0
Yale University,CT,2005,3.0
Yale University,CT,2006,3.0
Yale University,CT,2007,3.0
Yale University,CT,2008,3.0
Yale University,CT,2009,3.0
Yale University,CT,2010,3.0
Yale University,CT,2011,3.0
Yale University,CT,2012,3.0
Yale University,CT,2013,3.0
Yale University,CT,2014,3.0
Yale University,CT,2015,3.0
Yale University,CT,2016,3.0
Yale University,CT,2017,3.0
Yale University,CT,2018,3.0
Yale University,CT,1984,3.0
Yale University,CT,1986,2.0
Yale University,CT,1988,3.0
Yale University,CT,1989,1.0
Yale University,CT,1990,1.0
Yale University,CT,1991,3.0
Yale University,CT,1992,2.0
Yale University,CT,1993,3.0
Yale University,CT,1994,3.0
Yale University,CT,1995,3.0
Yale University,CT,1996,2.0
Yale University,CT,1997,1.0
Yale University,CT,1998,3.0
University of Chicago,IL,2000,13.0
University of Chicago,IL,2001,10.0
University of Chicago,IL,2002,9.0
University of Chicago,IL,2003,12.0
University of Chicago,IL,2004,13.0
University of Chicago,IL,2005,14.0
University of Chicago,IL,2006,15.0
University of Chicago,IL,2007,9.0
University of Chicago,IL,2008,9.0
University of Chicago,IL,2009,8.0
University of Chicago,IL,2010,8.0
University of Chicago,IL,2011,9.0
University of Chicago,IL,2012,5.0
University of Chicago,IL,2013,4.0
University of Chicago,IL,2014,5.0
University of Chicago,IL,2015,4.0
University of Chicago,IL,2016,4.0
University of Chicago,IL,2017,3.0
University of Chicago,IL,2018,3.0
University of Chicago,IL,1984,6.0
University of Chicago,IL,1986,5.0
University of Chicago,IL,1988,8.0
University of Chicago,IL,1989,10.0
University of Chicago,IL,1990,9.0
University of Chicago,IL,1991,11.0
University of Chicago,IL,1992,10.0
University of Chicago,IL,1993,9.0
University of Chicago,IL,1994,9.0
University of Chicago,IL,1995,10.0
University of Chicago,IL,1996,11.0
University of Chicago,IL,1997,12.0
University of Chicago,IL,1998,14.0
Columbia University,NY,2000,10.0
Columbia University,NY,2001,10.0
Columbia University,NY,2002,9.0
Columbia University,NY,2003,10.0
Columbia University,NY,2004,11.0
Columbia University,NY,2005,9.0
Columbia University,NY,2006,9.0
Columbia University,NY,2007,9.0
Columbia University,NY,2008,9.0
Columbia University,NY,2009,8.0
Columbia University,NY,2010,8.0
Columbia University,NY,2011,4.0
Columbia University,NY,2012,4.0
Columbia University,NY,2013,4.0
Columbia University,NY,2014,4.0
Columbia University,NY,2015,4.0
Columbia University,NY,2016,4.0
Columbia University,NY,2017,5.0
Columbia University,NY,2018,5.0
Columbia University,NY,1984,
Columbia University,NY,1986,
Columbia University,NY,1988,18.0
Columbia University,NY,1989,8.0
Columbia University,NY,1990,11.0
Columbia University,NY,1991,10.0
Columbia University,NY,1992,9.0
Columbia University,NY,1993,10.0
Columbia University,NY,1994,11.0
Columbia University,NY,1995,9.0
Columbia University,NY,1996,15.0
Columbia University,NY,1997,11.0
Columbia University,NY,1998,9.0
Massachusetts Institute of Technology,MA,2000,3.0
Massachusetts Institute of Technology,MA,2001,5.0
Massachusetts Institute of Technology,MA,2002,5.0
Massachusetts Institute of Technology,MA,2003,4.0
Massachusetts Institute of Technology,MA,2004,4.0
Massachusetts Institute of Technology,MA,2005,5.0
Massachusetts Institute of Technology,MA,2006,7.0
Massachusetts Institute of Technology,MA,2007,4.0
Massachusetts Institute of Technology,MA,2008,7.0
Massachusetts Institute of Technology,MA,2009,4.0
Massachusetts Institute of Technology,MA,2010,4.0
Massachusetts Institute of Technology,MA,2011,7.0
Massachusetts Institute of Technology,MA,2012,5.0
Massachusetts Institute of Technology,MA,2013,6.0
Massachusetts Institute of Technology,MA,2014,7.0
Massachusetts Institute of Technology,MA,2015,7.0
Massachusetts Institute of Technology,MA,2016,7.0
Massachusetts Institute of Technology,MA,2017,7.0
Massachusetts Institute of Technology,MA,2018,5.0
Massachusetts Institute of Technology,MA,1984,10.0
Massachusetts Institute of Technology,MA,1986,11.0
Massachusetts Institute of Technology,MA,1988,11.0
Massachusetts Institute of Technology,MA,1989,5.0
Massachusetts Institute of Technology,MA,1990,7.0
Massachusetts Institute of Technology,MA,1991,6.0
Massachusetts Institute of Technology,MA,1992,6.0
Massachusetts Institute of Technology,MA,1993,5.0
Massachusetts Institute of Technology,MA,1994,4.0
Massachusetts Institute of Technology,MA,1995,4.0
Massachusetts Institute of Technology,MA,1996,5.0
Massachusetts Institute of Technology,MA,1997,5.0
Massachusetts Institute of Technology,MA,1998,6.0
Stanford University,CA,2000,6.0
Stanford University,CA,2001,6.0
Stanford University,CA,2002,5.0
Stanford University,CA,2003,4.0
Stanford University,CA,2004,5.0
Stanford University,CA,2005,5.0
Stanford University,CA,2006,5.0
Stanford University,CA,2007,4.0
Stanford University,CA,2008,4.0
Stanford University,CA,2009,4.0
Stanford University,CA,2010,4.0
Stanford University,CA,2011,5.0
Stanford University,CA,2012,5.0
Stanford University,CA,2013,6.0
Stanford University,CA,2014,5.0
Stanford University,CA,2015,4.0
Stanford University,CA,2016,4.0
Stanford University,CA,2017,5.0
Stanford University,CA,2018,5.0
Stanford University,CA,1984,1.0
Stanford University,CA,1986,1.0
Stanford University,CA,1988,1.0
Stanford University,CA,1989,6.0
Stanford University,CA,1990,6.0
Stanford University,CA,1991,2.0
Stanford University,CA,1992,3.0
Stanford University,CA,1993,4.0
Stanford University,CA,1994,6.0
Stanford University,CA,1995,5.0
Stanford University,CA,1996,4.0
Stanford University,CA,1997,6.0
Stanford University,CA,1998,5.0
University of Pennsylvania,PA,2000,7.0
University of Pennsylvania,PA,2001,6.0
University of Pennsylvania,PA,2002,5.0
University of Pennsylvania,PA,2003,4.0
University of Pennsylvania,PA,2004,5.0
University of Pennsylvania,PA,2005,4.0
University of Pennsylvania,PA,2006,4.0
University of Pennsylvania,PA,2007,7.0
University of Pennsylvania,PA,2008,5.0
University of Pennsylvania,PA,2009,6.0
University of Pennsylvania,PA,2010,4.0
University of Pennsylvania,PA,2011,5.0
University of Pennsylvania,PA,2012,5.0
University of Pennsylvania,PA,2013,8.0
University of Pennsylvania,PA,2014,7.0
University of Pennsylvania,PA,2015,8.0
University of Pennsylvania,PA,2016,9.0
University of Pennsylvania,PA,2017,8.0
University of Pennsylvania,PA,2018,8.0
University of Pennsylvania,PA,1984,
University of Pennsylvania,PA,1986,
University of Pennsylvania,PA,1988,19.0
University of Pennsylvania,PA,1989,15.0
University of Pennsylvania,PA,1990,20.0
University of Pennsylvania,PA,1991,13.0
University of Pennsylvania,PA,1992,13.0
University of Pennsylvania,PA,1993,14.0
University of Pennsylvania,PA,1994,16.0
University of Pennsylvania,PA,1995,12.0
University of Pennsylvania,PA,1996,11.0
University of Pennsylvania,PA,1997,13.0
University of Pennsylvania,PA,1998,7.0
Duke University,NC,2000,7.0
Duke University,NC,2001,8.0
Duke University,NC,2002,8.0
Duke University,NC,2003,4.0
Duke University,NC,2004,5.0
Duke University,NC,2005,5.0
Duke University,NC,2006,5.0
Duke University,NC,2007,8.0
Duke University,NC,2008,8.0
Duke University,NC,2009,8.0
Duke University,NC,2010,10.0
Duke University,NC,2011,9.0
Duke University,NC,2012,10.0
Duke University,NC,2013,8.0
Duke University,NC,2014,7.0
Duke University,NC,2015,8.0
Duke University,NC,2016,8.0
Duke University,NC,2017,8.0
Duke University,NC,2018,9.0
Duke University,NC,1984,
Duke University,NC,1986,6.0
Duke University,NC,1988,7.0
Duke University,NC,1989,12.0
Duke University,NC,1990,5.0
Duke University,NC,1991,7.0
Duke University,NC,1992,7.0
Duke University,NC,1993,7.0
Duke University,NC,1994,7.0
Duke University,NC,1995,6.0
Duke University,NC,1996,6.0
Duke University,NC,1997,4.0
Duke University,NC,1998,3.0
Johns Hopkins University,MD,2000,7.0
Johns Hopkins University,MD,2001,15.0
Johns Hopkins University,MD,2002,16.0
Johns Hopkins University,MD,2003,15.0
Johns Hopkins University,MD,2004,14.0
Johns Hopkins University,MD,2005,14.0
Johns Hopkins University,MD,2006,13.0
Johns Hopkins University,MD,2007,16.0
Johns Hopkins University,MD,2008,14.0
Johns Hopkins University,MD,2009,15.0
Johns Hopkins University,MD,2010,14.0
Johns Hopkins University,MD,2011,13.0
Johns Hopkins University,MD,2012,13.0
Johns Hopkins University,MD,2013,13.0
Johns Hopkins University,MD,2014,12.0
Johns Hopkins University,MD,2015,12.0
Johns Hopkins University,MD,2016,10.0
Johns Hopkins University,MD,2017,10.0
Johns Hopkins University,MD,2018,11.0
Johns Hopkins University,MD,1984,
Johns Hopkins University,MD,1986,
Johns Hopkins University,MD,1988,16.0
Johns Hopkins University,MD,1989,11.0
Johns Hopkins University,MD,1990,14.0
Johns Hopkins University,MD,1991,15.0
Johns Hopkins University,MD,1992,11.0
Johns Hopkins University,MD,1993,15.0
Johns Hopkins University,MD,1994,15.0
Johns Hopkins University,MD,1995,22.0
Johns Hopkins University,MD,1996,10.0
Johns Hopkins University,MD,1997,15.0
Johns Hopkins University,MD,1998,14.0
Northwestern University,IL,2000,14.0
Northwestern University,IL,2001,13.0
Northwestern University,IL,2002,12.0
Northwestern University,IL,2003,10.0
Northwestern University,IL,2004,11.0
Northwestern University,IL,2005,11.0
Northwestern University,IL,2006,12.0
Northwestern University,IL,2007,14.0
Northwestern University,IL,2008,14.0
Northwestern University,IL,2009,12.0
Northwestern University,IL,2010,12.0
Northwestern University,IL,2011,12.0
Northwestern University,IL,2012,12.0
Northwestern University,IL,2013,12.0
Northwestern University,IL,2014,12.0
Northwestern University,IL,2015,13.0
Northwestern University,IL,2016,12.0
Northwestern University,IL,2017,12.0
Northwestern University,IL,2018,11.0
Northwestern University,IL,1984,
Northwestern University,IL,1986,
Northwestern University,IL,1988,17.0
Northwestern University,IL,1989,16.0
Northwestern University,IL,1990,19.0
Northwestern University,IL,1991,23.0
Northwestern University,IL,1992,14.0
Northwestern University,IL,1993,13.0
Northwestern University,IL,1994,13.0
Northwestern University,IL,1995,14.0
Northwestern University,IL,1996,13.0
Northwestern University,IL,1997,9.0
Northwestern University,IL,1998,9.0
California Institute of Technology,CA,2000,1.0
California Institute of Technology,CA,2001,4.0
California Institute of Technology,CA,2002,4.0
California Institute of Technology,CA,2003,4.0
California Institute of Technology,CA,2004,5.0
California Institute of Technology,CA,2005,8.0
California Institute of Technology,CA,2006,7.0
California Institute of Technology,CA,2007,4.0
California Institute of Technology,CA,2008,5.0
California Institute of Technology,CA,2009,6.0
California Institute of Technology,CA,2010,4.0
California Institute of Technology,CA,2011,7.0
California Institute of Technology,CA,2012,5.0
California Institute of Technology,CA,2013,10.0
California Institute of Technology,CA,2014,10.0
California Institute of Technology,CA,2015,10.0
California Institute of Technology,CA,2016,10.0
California Institute of Technology,CA,2017,12.0
California Institute of Technology,CA,2018,10.0
California Institute of Technology,CA,1984,12.0
California Institute of Technology,CA,1986,
California Institute of Technology,CA,1988,21.0
California Institute of Technology,CA,1989,3.0
California Institute of Technology,CA,1990,4.0
California Institute of Technology,CA,1991,5.0
California Institute of Technology,CA,1992,4.0
California Institute of Technology,CA,1993,5.0
California Institute of Technology,CA,1994,5.0
California Institute of Technology,CA,1995,7.0
California Institute of Technology,CA,1996,7.0
California Institute of Technology,CA,1997,9.0
California Institute of Technology,CA,1998,9.0
Dartmouth College,NH,2000,11.0
Dartmouth College,NH,2001,9.0
Dartmouth College,NH,2002,9.0
Dartmouth College,NH,2003,9.0
Dartmouth College,NH,2004,9.0
Dartmouth College,NH,2005,9.0
Dartmouth College,NH,2006,9.0
Dartmouth College,NH,2007,9.0
Dartmouth College,NH,2008,11.0
Dartmouth College,NH,2009,11.0
Dartmouth College,NH,2010,11.0
Dartmouth College,NH,2011,9.0
Dartmouth College,NH,2012,11.0
Dartmouth College,NH,2013,10.0
Dartmouth College,NH,2014,10.0
Dartmouth College,NH,2015,11.0
Dartmouth College,NH,2016,12.0
Dartmouth College,NH,2017,11.0
Dartmouth College,NH,2018,11.0
Dartmouth College,NH,1984,10.0
Dartmouth College,NH,1986,10.0
Dartmouth College,NH,1988,6.0
Dartmouth College,NH,1989,7.0
Dartmouth College,NH,1990,8.0
Dartmouth College,NH,1991,8.0
Dartmouth College,NH,1992,8.0
Dartmouth College,NH,1993,7.0
Dartmouth College,NH,1994,8.0
Dartmouth College,NH,1995,8.0
Dartmouth College,NH,1996,7.0
Dartmouth College,NH,1997,7.0
Dartmouth College,NH,1998,7.0
Brown University,RI,2000,14.0
Brown University,RI,2001,15.0
Brown University,RI,2002,16.0
Brown University,RI,2003,17.0
Brown University,RI,2004,17.0
Brown University,RI,2005,13.0
Brown University,RI,2006,15.0
Brown University,RI,2007,15.0
Brown University,RI,2008,14.0
Brown University,RI,2009,16.0
Brown University,RI,2010,16.0
Brown University,RI,2011,15.0
Brown University,RI,2012,15.0
Brown University,RI,2013,15.0
Brown University,RI,2014,14.0
Brown University,RI,2015,16.0
Brown University,RI,2016,14.0
Brown University,RI,2017,14.0
Brown University,RI,2018,14.0
Brown University,RI,1984,
Brown University,RI,1986,7.0
Brown University,RI,1988,10.0
Brown University,RI,1989,13.0
Brown University,RI,1990,15.0
Brown University,RI,1991,12.0
Brown University,RI,1992,17.0
Brown University,RI,1993,18.0
Brown University,RI,1994,12.0
Brown University,RI,1995,11.0
Brown University,RI,1996,9.0
Brown University,RI,1997,8.0
Brown University,RI,1998,9.0
Vanderbilt University,TN,2000,20.0
Vanderbilt University,TN,2001,22.0
Vanderbilt University,TN,2002,21.0
Vanderbilt University,TN,2003,21.0
Vanderbilt University,TN,2004,19.0
Vanderbilt University,TN,2005,18.0
Vanderbilt University,TN,2006,18.0
Vanderbilt University,TN,2007,18.0
Vanderbilt University,TN,2008,19.0
Vanderbilt University,TN,2009,18.0
Vanderbilt University,TN,2010,17.0
Vanderbilt University,TN,2011,17.0
Vanderbilt University,TN,2012,17.0
Vanderbilt University,TN,2013,17.0
Vanderbilt University,TN,2014,17.0
Vanderbilt University,TN,2015,16.0
Vanderbilt University,TN,2016,15.0
Vanderbilt University,TN,2017,15.0
Vanderbilt University,TN,2018,14.0
Vanderbilt University,TN,1984,
Vanderbilt University,TN,1986,
Vanderbilt University,TN,1988,
Vanderbilt University,TN,1989,
Vanderbilt University,TN,1990,24.0
Vanderbilt University,TN,1991,
Vanderbilt University,TN,1992,19.0
Vanderbilt University,TN,1993,25.0
Vanderbilt University,TN,1994,20.0
Vanderbilt University,TN,1995,18.0
Vanderbilt University,TN,1996,22.0
Vanderbilt University,TN,1997,20.0
Vanderbilt University,TN,1998,19.0
Cornell University,NY,2000,11.0
Cornell University,NY,2001,10.0
Cornell University,NY,2002,14.0
Cornell University,NY,2003,14.0
Cornell University,NY,2004,14.0
Cornell University,NY,2005,14.0
Cornell University,NY,2006,13.0
Cornell University,NY,2007,12.0
Cornell University,NY,2008,12.0
Cornell University,NY,2009,14.0
Cornell University,NY,2010,15.0
Cornell University,NY,2011,15.0
Cornell University,NY,2012,15.0
Cornell University,NY,2013,15.0
Cornell University,NY,2014,16.0
Cornell University,NY,2015,15.0
Cornell University,NY,2016,15.0
Cornell University,NY,2017,15.0
Cornell University,NY,2018,14.0
Cornell University,NY,1984,8.0
Cornell University,NY,1986,
Cornell University,NY,1988,11.0
Cornell University,NY,1989,14.0
Cornell University,NY,1990,11.0
Cornell University,NY,1991,9.0
Cornell University,NY,1992,12.0
Cornell University,NY,1993,11.0
Cornell University,NY,1994,10.0
Cornell University,NY,1995,15.0
Cornell University,NY,1996,13.0
Cornell University,NY,1997,14.0
Cornell University,NY,1998,14.0
Rice University,TX,2000,14.0
Rice University,TX,2001,13.0
Rice University,TX,2002,12.0
Rice University,TX,2003,15.0
Rice University,TX,2004,16.0
Rice University,TX,2005,17.0
Rice University,TX,2006,17.0
Rice University,TX,2007,17.0
Rice University,TX,2008,17.0
Rice University,TX,2009,17.0
Rice University,TX,2010,17.0
Rice University,TX,2011,17.0
Rice University,TX,2012,17.0
Rice University,TX,2013,17.0
Rice University,TX,2014,18.0
Rice University,TX,2015,19.0
Rice University,TX,2016,18.0
Rice University,TX,2017,15.0
Rice University,TX,2018,14.0
Rice University,TX,1984,
Rice University,TX,1986,
Rice University,TX,1988,14.0
Rice University,TX,1989,9.0
Rice University,TX,1990,10.0
Rice University,TX,1991,16.0
Rice University,TX,1992,15.0
Rice University,TX,1993,12.0
Rice University,TX,1994,14.0
Rice University,TX,1995,12.0
Rice University,TX,1996,16.0
Rice University,TX,1997,16.0
Rice University,TX,1998,17.0
University of Notre Dame,IN,2000,19.0
University of Notre Dame,IN,2001,19.0
University of Notre Dame,IN,2002,19.0
University of Notre Dame,IN,2003,18.0
University of Notre Dame,IN,2004,19.0
University of Notre Dame,IN,2005,18.0
University of Notre Dame,IN,2006,18.0
University of Notre Dame,IN,2007,20.0
University of Notre Dame,IN,2008,19.0
University of Notre Dame,IN,2009,18.0
University of Notre Dame,IN,2010,20.0
University of Notre Dame,IN,2011,19.0
University of Notre Dame,IN,2012,19.0
University of Notre Dame,IN,2013,17.0
University of Notre Dame,IN,2014,18.0
University of Notre Dame,IN,2015,16.0
University of Notre Dame,IN,2016,18.0
University of Notre Dame,IN,2017,15.0
University of Notre Dame,IN,2018,18.0
University of Notre Dame,IN,1984,
University of Notre Dame,IN,1986,
University of Notre Dame,IN,1988,
University of Notre Dame,IN,1989,18.0
University of Notre Dame,IN,1990,23.0
University of Notre Dame,IN,1991,
University of Notre Dame,IN,1992,
University of Notre Dame,IN,1993,
University of Notre Dame,IN,1994,25.0
University of Notre Dame,IN,1995,19.0
University of Notre Dame,IN,1996,18.0
University of Notre Dame,IN,1997,17.0
University of Notre Dame,IN,1998,19.0
Washington University in St. Louis,MO,2000,17.0
Washington University in St. Louis,MO,2001,15.0
Washington University in St. Louis,MO,2002,14.0
Washington University in St. Louis,MO,2003,12.0
Washington University in St. Louis,MO,2004,9.0
Washington University in St. Louis,MO,2005,11.0
Washington University in St. Louis,MO,2006,11.0
Washington University in St. Louis,MO,2007,12.0
Washington University in St. Louis,MO,2008,12.0
Washington University in St. Louis,MO,2009,12.0
Washington University in St. Louis,MO,2010,12.0
Washington University in St. Louis,MO,2011,13.0
Washington University in St. Louis,MO,2012,14.0
Washington University in St. Louis,MO,2013,14.0
Washington University in St. Louis,MO,2014,14.0
Washington University in St. Louis,MO,2015,14.0
Washington University in St. Louis,MO,2016,15.0
Washington University in St. Louis,MO,2017,19.0
Washington University in St. Louis,MO,2018,18.0
Washington University in St. Louis,MO,1984,
Washington University in St. Louis,MO,1986,
Washington University in St. Louis,MO,1988,23.0
Washington University in St. Louis,MO,1989,19.0
Washington University in St. Louis,MO,1990,22.0
Washington University in St. Louis,MO,1991,24.0
Washington University in St. Louis,MO,1992,18.0
Washington University in St. Louis,MO,1993,20.0
Washington University in St. Louis,MO,1994,18.0
Washington University in St. Louis,MO,1995,20.0
Washington University in St. Louis,MO,1996,20.0
Washington University in St. Louis,MO,1997,17.0
Washington University in St. Louis,MO,1998,17.0
University of California-Los Angeles,CA,2000,25.0
University of California-Los Angeles,CA,2001,25.0
University of California-Los Angeles,CA,2002,26.0
University of California-Los Angeles,CA,2003,25.0
University of California-Los Angeles,CA,2004,26.0
University of California-Los Angeles,CA,2005,25.0
University of California-Los Angeles,CA,2006,25.0
University of California-Los Angeles,CA,2007,26.0
University of California-Los Angeles,CA,2008,25.0
University of California-Los Angeles,CA,2009,25.0
University of California-Los Angeles,CA,2010,24.0
University of California-Los Angeles,CA,2011,25.0
University of California-Los Angeles,CA,2012,25.0
University of California-Los Angeles,CA,2013,24.0
University of California-Los Angeles,CA,2014,23.0
University of California-Los Angeles,CA,2015,23.0
University of California-Los Angeles,CA,2016,23.0
University of California-Los Angeles,CA,2017,24.0
University of California-Los Angeles,CA,2018,21.0
University of California-Los Angeles,CA,1984,
University of California-Los Angeles,CA,1986,
University of California-Los Angeles,CA,1988,
University of California-Los Angeles,CA,1989,21.0
University of California-Los Angeles,CA,1990,16.0
University of California-Los Angeles,CA,1991,17.0
University of California-Los Angeles,CA,1992,23.0
University of California-Los Angeles,CA,1993,23.0
University of California-Los Angeles,CA,1994,22.0
University of California-Los Angeles,CA,1995,
University of California-Los Angeles,CA,1996,28.0
University of California-Los Angeles,CA,1997,31.0
University of California-Los Angeles,CA,1998,28.0
Emory University,GA,2000,18.0
Emory University,GA,2001,18.0
Emory University,GA,2002,18.0
Emory University,GA,2003,18.0
Emory University,GA,2004,18.0
Emory University,GA,2005,20.0
Emory University,GA,2006,20.0
Emory University,GA,2007,18.0
Emory University,GA,2008,17.0
Emory University,GA,2009,18.0
Emory University,GA,2010,17.0
Emory University,GA,2011,20.0
Emory University,GA,2012,20.0
Emory University,GA,2013,20.0
Emory University,GA,2014,20.0
Emory University,GA,2015,21.0
Emory University,GA,2016,21.0
Emory University,GA,2017,20.0
Emory University,GA,2018,21.0
Emory University,GA,1984,
Emory University,GA,1986,
Emory University,GA,1988,25.0
Emory University,GA,1989,22.0
Emory University,GA,1990,
Emory University,GA,1991,
Emory University,GA,1992,
Emory University,GA,1993,21.0
Emory University,GA,1994,25.0
Emory University,GA,1995,16.0
Emory University,GA,1996,17.0
Emory University,GA,1997,19.0
Emory University,GA,1998,9.0
Georgetown University,DC,2000,23.0
Georgetown University,DC,2001,23.0
Georgetown University,DC,2002,22.0
Georgetown University,DC,2003,24.0
Georgetown University,DC,2004,23.0
Georgetown University,DC,2005,25.0
Georgetown University,DC,2006,23.0
Georgetown University,DC,2007,23.0
Georgetown University,DC,2008,23.0
Georgetown University,DC,2009,23.0
Georgetown University,DC,2010,23.0
Georgetown University,DC,2011,21.0
Georgetown University,DC,2012,22.0
Georgetown University,DC,2013,21.0
Georgetown University,DC,2014,20.0
Georgetown University,DC,2015,21.0
Georgetown University,DC,2016,21.0
Georgetown University,DC,2017,20.0
Georgetown University,DC,2018,20.0
Georgetown University,DC,1984,
Georgetown University,DC,1986,
Georgetown University,DC,1988,
Georgetown University,DC,1989,17.0
Georgetown University,DC,1990,25.0
Georgetown University,DC,1991,19.0
Georgetown University,DC,1992,19.0
Georgetown University,DC,1993,17.0
Georgetown University,DC,1994,17.0
Georgetown University,DC,1995,25.0
Georgetown University,DC,1996,21.0
Georgetown University,DC,1997,23.0
Georgetown University,DC,1998,21.0
University of California-Berkeley,CA,2000,20.0
University of California-Berkeley,CA,2001,20.0
University of California-Berkeley,CA,2002,20.0
University of California-Berkeley,CA,2003,20.0
University of California-Berkeley,CA,2004,21.0
University of California-Berkeley,CA,2005,21.0
University of California-Berkeley,CA,2006,20.0
University of California-Berkeley,CA,2007,21.0
University of California-Berkeley,CA,2008,21.0
University of California-Berkeley,CA,2009,21.0
University of California-Berkeley,CA,2010,21.0
University of California-Berkeley,CA,2011,22.0
University of California-Berkeley,CA,2012,21.0
University of California-Berkeley,CA,2013,21.0
University of California-Berkeley,CA,2014,20.0
University of California-Berkeley,CA,2015,20.0
University of California-Berkeley,CA,2016,20.0
University of California-Berkeley,CA,2017,20.0
University of California-Berkeley,CA,2018,21.0
University of California-Berkeley,CA,1984,5.0
University of California-Berkeley,CA,1986,7.0
University of California-Berkeley,CA,1988,5.0
University of California-Berkeley,CA,1989,24.0
University of California-Berkeley,CA,1990,13.0
University of California-Berkeley,CA,1991,13.0
University of California-Berkeley,CA,1992,16.0
University of California-Berkeley,CA,1993,16.0
University of California-Berkeley,CA,1994,19.0
University of California-Berkeley,CA,1995,23.0
University of California-Berkeley,CA,1996,26.0
University of California-Berkeley,CA,1997,27.0
University of California-Berkeley,CA,1998,23.0
University of Southern California,CA,2000,42.0
University of Southern California,CA,2001,35.0
University of Southern California,CA,2002,34.0
University of Southern California,CA,2003,31.0
University of Southern California,CA,2004,30.0
University of Southern California,CA,2005,30.0
University of Southern California,CA,2006,30.0
University of Southern California,CA,2007,27.0
University of Southern California,CA,2008,27.0
University of Southern California,CA,2009,27.0
University of Southern California,CA,2010,26.0
University of Southern California,CA,2011,23.0
University of Southern California,CA,2012,23.0
University of Southern California,CA,2013,24.0
University of Southern California,CA,2014,23.0
University of Southern California,CA,2015,25.0
University of Southern California,CA,2016,23.0
University of Southern California,CA,2017,23.0
University of Southern California,CA,2018,21.0
University of Southern California,CA,1984,
University of Southern California,CA,1986,
University of Southern California,CA,1988,
University of Southern California,CA,1989,
University of Southern California,CA,1990,
University of Southern California,CA,1991,
University of Southern California,CA,1992,
University of Southern California,CA,1993,
University of Southern California,CA,1994,
University of Southern California,CA,1995,
University of Southern California,CA,1996,44.0
University of Southern California,CA,1997,43.0
University of Southern California,CA,1998,41.0
Carnegie Mellon University,PA,2000,23.0
Carnegie Mellon University,PA,2001,23.0
Carnegie Mellon University,PA,2002,22.0
Carnegie Mellon University,PA,2003,21.0
Carnegie Mellon University,PA,2004,23.0
Carnegie Mellon University,PA,2005,22.0
Carnegie Mellon University,PA,2006,22.0
Carnegie Mellon University,PA,2007,21.0
Carnegie Mellon University,PA,2008,22.0
Carnegie Mellon University,PA,2009,22.0
Carnegie Mellon University,PA,2010,22.0
Carnegie Mellon University,PA,2011,23.0
Carnegie Mellon University,PA,2012,23.0
Carnegie Mellon University,PA,2013,23.0
Carnegie Mellon University,PA,2014,23.0
Carnegie Mellon University,PA,2015,25.0
Carnegie Mellon University,PA,2016,23.0
Carnegie Mellon University,PA,2017,24.0
Carnegie Mellon University,PA,2018,25.0
Carnegie Mellon University,PA,1984,13.0
Carnegie Mellon University,PA,1986,
Carnegie Mellon University,PA,1988,
Carnegie Mellon University,PA,1989,
Carnegie Mellon University,PA,1990,
Carnegie Mellon University,PA,1991,22.0
Carnegie Mellon University,PA,1992,24.0
Carnegie Mellon University,PA,1993,19.0
Carnegie Mellon University,PA,1994,24.0
Carnegie Mellon University,PA,1995,24.0
Carnegie Mellon University,PA,1996,23.0
Carnegie Mellon University,PA,1997,28.0
Carnegie Mellon University,PA,1998,23.0
University of Virginia,VA,2000,22.0
University of Virginia,VA,2001,20.0
University of Virginia,VA,2002,24.0
University of Virginia,VA,2003,23.0
University of Virginia,VA,2004,21.0
University of Virginia,VA,2005,22.0
University of Virginia,VA,2006,23.0
University of Virginia,VA,2007,24.0
University of Virginia,VA,2008,23.0
University of Virginia,VA,2009,23.0
University of Virginia,VA,2010,24.0
University of Virginia,VA,2011,25.0
University of Virginia,VA,2012,25.0
University of Virginia,VA,2013,24.0
University of Virginia,VA,2014,23.0
University of Virginia,VA,2015,23.0
University of Virginia,VA,2016,26.0
University of Virginia,VA,2017,24.0
University of Virginia,VA,2018,25.0
University of Virginia,VA,1984,
University of Virginia,VA,1986,11.0
University of Virginia,VA,1988,15.0
University of Virginia,VA,1989,20.0
University of Virginia,VA,1990,21.0
University of Virginia,VA,1991,18.0
University of Virginia,VA,1992,21.0
University of Virginia,VA,1993,22.0
University of Virginia,VA,1994,21.0
University of Virginia,VA,1995,17.0
University of Virginia,VA,1996,19.0
University of Virginia,VA,1997,21.0
University of Virginia,VA,1998,21.0
Wake Forest University,NC,2000,28.0
Wake Forest University,NC,2001,28.0
Wake Forest University,NC,2002,26.0
Wake Forest University,NC,2003,25.0
Wake Forest University,NC,2004,28.0
Wake Forest University,NC,2005,27.0
Wake Forest University,NC,2006,27.0
Wake Forest University,NC,2007,30.0
Wake Forest University,NC,2008,30.0
Wake Forest University,NC,2009,28.0
Wake Forest University,NC,2010,28.0
Wake Forest University,NC,2011,25.0
Wake Forest University,NC,2012,25.0
Wake Forest University,NC,2013,27.0
Wake Forest University,NC,2014,23.0
Wake Forest University,NC,2015,27.0
Wake Forest University,NC,2016,27.0
Wake Forest University,NC,2017,27.0
Wake Forest University,NC,2018,27.0
Wake Forest University,NC,1984,
Wake Forest University,NC,1986,
Wake Forest University,NC,1988,
Wake Forest University,NC,1989,
Wake Forest University,NC,1990,
Wake Forest University,NC,1991,
Wake Forest University,NC,1992,
Wake Forest University,NC,1993,
Wake Forest University,NC,1994,
Wake Forest University,NC,1995,
Wake Forest University,NC,1996,31.0
Wake Forest University,NC,1997,25.0
Wake Forest University,NC,1998,28.0
University of Michigan-Ann Arbor,MI,2000,25.0
University of Michigan-Ann Arbor,MI,2001,25.0
University of Michigan-Ann Arbor,MI,2002,25.0
University of Michigan-Ann Arbor,MI,2003,25.0
University of Michigan-Ann Arbor,MI,2004,25.0
University of Michigan-Ann Arbor,MI,2005,22.0
University of Michigan-Ann Arbor,MI,2006,25.0
University of Michigan-Ann Arbor,MI,2007,24.0
University of Michigan-Ann Arbor,MI,2008,25.0
University of Michigan-Ann Arbor,MI,2009,26.0
University of Michigan-Ann Arbor,MI,2010,27.0
University of Michigan-Ann Arbor,MI,2011,29.0
University of Michigan-Ann Arbor,MI,2012,28.0
University of Michigan-Ann Arbor,MI,2013,29.0
University of Michigan-Ann Arbor,MI,2014,28.0
University of Michigan-Ann Arbor,MI,2015,29.0
University of Michigan-Ann Arbor,MI,2016,29.0
University of Michigan-Ann Arbor,MI,2017,27.0
University of Michigan-Ann Arbor,MI,2018,28.0
University of Michigan-Ann Arbor,MI,1984,7.0
University of Michigan-Ann Arbor,MI,1986,11.0
University of Michigan-Ann Arbor,MI,1988,8.0
University of Michigan-Ann Arbor,MI,1989,25.0
University of Michigan-Ann Arbor,MI,1990,17.0
University of Michigan-Ann Arbor,MI,1991,21.0
University of Michigan-Ann Arbor,MI,1992,22.0
University of Michigan-Ann Arbor,MI,1993,24.0
University of Michigan-Ann Arbor,MI,1994,23.0
University of Michigan-Ann Arbor,MI,1995,21.0
University of Michigan-Ann Arbor,MI,1996,24.0
University of Michigan-Ann Arbor,MI,1997,24.0
University of Michigan-Ann Arbor,MI,1998,23.0
Tufts University,MA,2000,29.0
Tufts University,MA,2001,29.0
Tufts University,MA,2002,28.0
Tufts University,MA,2003,28.0
Tufts University,MA,2004,27.0
Tufts University,MA,2005,28.0
Tufts University,MA,2006,27.0
Tufts University,MA,2007,27.0
Tufts University,MA,2008,28.0
Tufts University,MA,2009,28.0
Tufts University,MA,2010,28.0
Tufts University,MA,2011,28.0
Tufts University,MA,2012,29.0
Tufts University,MA,2013,28.0
Tufts University,MA,2014,28.0
Tufts University,MA,2015,27.0
Tufts University,MA,2016,27.0
Tufts University,MA,2017,27.0
Tufts University,MA,2018,29.0
Tufts University,MA,1984,
Tufts University,MA,1986,
Tufts University,MA,1988,
Tufts University,MA,1989,
Tufts University,MA,1990,
Tufts University,MA,1991,
Tufts University,MA,1992,
Tufts University,MA,1993,
Tufts University,MA,1994,
Tufts University,MA,1995,
Tufts University,MA,1996,25.0
Tufts University,MA,1997,22.0
Tufts University,MA,1998,23.0
University of North Carolina-Chapel Hill,NC,2000,27.0
University of North Carolina-Chapel Hill,NC,2001,25.0
University of North Carolina-Chapel Hill,NC,2002,28.0
University of North Carolina-Chapel Hill,NC,2003,28.0
University of North Carolina-Chapel Hill,NC,2004,29.0
University of North Carolina-Chapel Hill,NC,2005,29.0
University of North Carolina-Chapel Hill,NC,2006,27.0
University of North Carolina-Chapel Hill,NC,2007,27.0
University of North Carolina-Chapel Hill,NC,2008,28.0
University of North Carolina-Chapel Hill,NC,2009,30.0
University of North Carolina-Chapel Hill,NC,2010,28.0
University of North Carolina-Chapel Hill,NC,2011,30.0
University of North Carolina-Chapel Hill,NC,2012,29.0
University of North Carolina-Chapel Hill,NC,2013,30.0
University of North Carolina-Chapel Hill,NC,2014,30.0
University of North Carolina-Chapel Hill,NC,2015,30.0
University of North Carolina-Chapel Hill,NC,2016,30.0
University of North Carolina-Chapel Hill,NC,2017,30.0
University of North Carolina-Chapel Hill,NC,2018,30.0
University of North Carolina-Chapel Hill,NC,1984,
University of North Carolina-Chapel Hill,NC,1986,9.0
University of North Carolina-Chapel Hill,NC,1988,11.0
University of North Carolina-Chapel Hill,NC,1989,23.0
University of North Carolina-Chapel Hill,NC,1990,18.0
University of North Carolina-Chapel Hill,NC,1991,20.0
University of North Carolina-Chapel Hill,NC,1992,25.0
University of North Carolina-Chapel Hill,NC,1993,
University of North Carolina-Chapel Hill,NC,1994,
University of North Carolina-Chapel Hill,NC,1995,
University of North Carolina-Chapel Hill,NC,1996,27.0
University of North Carolina-Chapel Hill,NC,1997,25.0
University of North Carolina-Chapel Hill,NC,1998,27.0
New York University,NY,2000,34.0
New York University,NY,2001,33.0
New York University,NY,2002,32.0
New York University,NY,2003,35.0
New York University,NY,2004,35.0
New York University,NY,2005,32.0
New York University,NY,2006,37.0
New York University,NY,2007,34.0
New York University,NY,2008,34.0
New York University,NY,2009,33.0
New York University,NY,2010,32.0
New York University,NY,2011,33.0
New York University,NY,2012,33.0
New York University,NY,2013,32.0
New York University,NY,2014,32.0
New York University,NY,2015,32.0
New York University,NY,2016,32.0
New York University,NY,2017,36.0
New York University,NY,2018,30.0
New York University,NY,1984,
New York University,NY,1986,
New York University,NY,1988,
New York University,NY,1989,
New York University,NY,1990,
New York University,NY,1991,
New York University,NY,1992,
New York University,NY,1993,
New York University,NY,1994,
New York University,NY,1995,
New York University,NY,1996,36.0
New York University,NY,1997,35.0
New York University,NY,1998,34.0
University of California-Santa Barbara,CA,2000,44.0
University of California-Santa Barbara,CA,2001,45.0
University of California-Santa Barbara,CA,2002,48.0
University of California-Santa Barbara,CA,2003,47.0
University of California-Santa Barbara,CA,2004,45.0
University of California-Santa Barbara,CA,2005,45.0
University of California-Santa Barbara,CA,2006,45.0
University of California-Santa Barbara,CA,2007,47.0
University of California-Santa Barbara,CA,2008,44.0
University of California-Santa Barbara,CA,2009,44.0
University of California-Santa Barbara,CA,2010,42.0
University of California-Santa Barbara,CA,2011,39.0
University of California-Santa Barbara,CA,2012,42.0
University of California-Santa Barbara,CA,2013,41.0
University of California-Santa Barbara,CA,2014,41.0
University of California-Santa Barbara,CA,2015,40.0
University of California-Santa Barbara,CA,2016,37.0
University of California-Santa Barbara,CA,2017,37.0
University of California-Santa Barbara,CA,2018,37.0
University of California-Santa Barbara,CA,1984,
University of California-Santa Barbara,CA,1986,
University of California-Santa Barbara,CA,1988,
University of California-Santa Barbara,CA,1989,
University of California-Santa Barbara,CA,1990,
University of California-Santa Barbara,CA,1991,
University of California-Santa Barbara,CA,1992,
University of California-Santa Barbara,CA,1993,
University of California-Santa Barbara,CA,1994,
University of California-Santa Barbara,CA,1995,
University of California-Santa Barbara,CA,1996,
University of California-Santa Barbara,CA,1997,46.0
University of California-Santa Barbara,CA,1998,47.0
University of Rochester,NY,2000,32.0
University of Rochester,NY,2001,33.0
University of Rochester,NY,2002,36.0
University of Rochester,NY,2003,36.0
University of Rochester,NY,2004,35.0
University of Rochester,NY,2005,37.0
University of Rochester,NY,2006,34.0
University of Rochester,NY,2007,34.0
University of Rochester,NY,2008,35.0
University of Rochester,NY,2009,35.0
University of Rochester,NY,2010,35.0
University of Rochester,NY,2011,37.0
University of Rochester,NY,2012,35.0
University of Rochester,NY,2013,33.0
University of Rochester,NY,2014,32.0
University of Rochester,NY,2015,33.0
University of Rochester,NY,2016,33.0
University of Rochester,NY,2017,32.0
University of Rochester,NY,2018,34.0
University of Rochester,NY,1984,
University of Rochester,NY,1986,
University of Rochester,NY,1988,
University of Rochester,NY,1989,
University of Rochester,NY,1990,
University of Rochester,NY,1991,25.0
University of Rochester,NY,1992,
University of Rochester,NY,1993,
University of Rochester,NY,1994,
University of Rochester,NY,1995,
University of Rochester,NY,1996,29.0
University of Rochester,NY,1997,30.0
University of Rochester,NY,1998,31.0
University of California-Irvine,CA,2000,49.0
University of California-Irvine,CA,2001,41.0
University of California-Irvine,CA,2002,41.0
University of California-Irvine,CA,2003,45.0
University of California-Irvine,CA,2004,45.0
University of California-Irvine,CA,2005,43.0
University of California-Irvine,CA,2006,40.0
University of California-Irvine,CA,2007,44.0
University of California-Irvine,CA,2008,44.0
University of California-Irvine,CA,2009,44.0
University of California-Irvine,CA,2010,46.0
University of California-Irvine,CA,2011,41.0
University of California-Irvine,CA,2012,45.0
University of California-Irvine,CA,2013,44.0
University of California-Irvine,CA,2014,49.0
University of California-Irvine,CA,2015,42.0
University of California-Irvine,CA,2016,39.0
University of California-Irvine,CA,2017,39.0
University of California-Irvine,CA,2018,42.0
University of California-Irvine,CA,1984,
University of California-Irvine,CA,1986,
University of California-Irvine,CA,1988,
University of California-Irvine,CA,1989,
University of California-Irvine,CA,1990,
University of California-Irvine,CA,1991,
University of California-Irvine,CA,1992,
University of California-Irvine,CA,1993,
University of California-Irvine,CA,1994,
University of California-Irvine,CA,1995,
University of California-Irvine,CA,1996,48.0
University of California-Irvine,CA,1997,37.0
University of California-Irvine,CA,1998,41.0
Brandeis University,MA,2000,31.0
Brandeis University,MA,2001,31.0
Brandeis University,MA,2002,34.0
Brandeis University,MA,2003,31.0
Brandeis University,MA,2004,32.0
Brandeis University,MA,2005,32.0
Brandeis University,MA,2006,34.0
Brandeis University,MA,2007,31.0
Brandeis University,MA,2008,31.0
Brandeis University,MA,2009,31.0
Brandeis University,MA,2010,31.0
Brandeis University,MA,2011,34.0
Brandeis University,MA,2012,31.0
Brandeis University,MA,2013,33.0
Brandeis University,MA,2014,32.0
Brandeis University,MA,2015,35.0
Brandeis University,MA,2016,34.0
Brandeis University,MA,2017,34.0
Brandeis University,MA,2018,34.0
Brandeis University,MA,1984,
Brandeis University,MA,1986,
Brandeis University,MA,1988,
Brandeis University,MA,1989,
Brandeis University,MA,1990,
Brandeis University,MA,1991,
Brandeis University,MA,1992,
Brandeis University,MA,1993,
Brandeis University,MA,1994,
Brandeis University,MA,1995,
Brandeis University,MA,1996,30.0
Brandeis University,MA,1997,29.0
Brandeis University,MA,1998,28.0
Georgia Institute of Technology,GA,2000,40.0
Georgia Institute of Technology,GA,2001,35.0
Georgia Institute of Technology,GA,2002,41.0
Georgia Institute of Technology,GA,2003,38.0
Georgia Institute of Technology,GA,2004,37.0
Georgia Institute of Technology,GA,2005,41.0
Georgia Institute of Technology,GA,2006,37.0
Georgia Institute of Technology,GA,2007,38.0
Georgia Institute of Technology,GA,2008,35.0
Georgia Institute of Technology,GA,2009,35.0
Georgia Institute of Technology,GA,2010,35.0
Georgia Institute of Technology,GA,2011,35.0
Georgia Institute of Technology,GA,2012,36.0
Georgia Institute of Technology,GA,2013,36.0
Georgia Institute of Technology,GA,2014,36.0
Georgia Institute of Technology,GA,2015,36.0
Georgia Institute of Technology,GA,2016,36.0
Georgia Institute of Technology,GA,2017,34.0
Georgia Institute of Technology,GA,2018,34.0
Georgia Institute of Technology,GA,1984,
Georgia Institute of Technology,GA,1986,
Georgia Institute of Technology,GA,1988,
Georgia Institute of Technology,GA,1989,
Georgia Institute of Technology,GA,1990,
Georgia Institute of Technology,GA,1991,
Georgia Institute of Technology,GA,1992,
Georgia Institute of Technology,GA,1993,
Georgia Institute of Technology,GA,1994,
Georgia Institute of Technology,GA,1995,
Georgia Institute of Technology,GA,1996,42.0
Georgia Institute of Technology,GA,1997,48.0
Georgia Institute of Technology,GA,1998,41.0
University of Florida,FL,2000,49.0
University of Florida,FL,2001,
University of Florida,FL,2002,
University of Florida,FL,2003,
University of Florida,FL,2004,48.0
University of Florida,FL,2005,50.0
University of Florida,FL,2006,50.0
University of Florida,FL,2007,47.0
University of Florida,FL,2008,49.0
University of Florida,FL,2009,49.0
University of Florida,FL,2010,47.0
University of Florida,FL,2011,
University of Florida,FL,2012,
University of Florida,FL,2013,
University of Florida,FL,2014,49.0
University of Florida,FL,2015,48.0
University of Florida,FL,2016,47.0
University of Florida,FL,2017,50.0
University of Florida,FL,2018,42.0
University of Florida,FL,1984,
University of Florida,FL,1986,
University of Florida,FL,1988,
University of Florida,FL,1989,
University of Florida,FL,1990,
University of Florida,FL,1991,
University of Florida,FL,1992,
University of Florida,FL,1993,
University of Florida,FL,1994,
University of Florida,FL,1995,
University of Florida,FL,1996,47.0
University of Florida,FL,1997,
University of Florida,FL,1998,
Boston College,MA,2000,39.0
Boston College,MA,2001,38.0
Boston College,MA,2002,38.0
Boston College,MA,2003,40.0
Boston College,MA,2004,40.0
Boston College,MA,2005,37.0
Boston College,MA,2006,40.0
Boston College,MA,2007,34.0
Boston College,MA,2008,35.0
Boston College,MA,2009,34.0
Boston College,MA,2010,34.0
Boston College,MA,2011,31.0
Boston College,MA,2012,31.0
Boston College,MA,2013,31.0
Boston College,MA,2014,31.0
Boston College,MA,2015,31.0
Boston College,MA,2016,30.0
Boston College,MA,2017,31.0
Boston College,MA,2018,32.0
Boston College,MA,1984,
Boston College,MA,1986,
Boston College,MA,1988,
Boston College,MA,1989,
Boston College,MA,1990,
Boston College,MA,1991,
Boston College,MA,1992,
Boston College,MA,1993,
Boston College,MA,1994,
Boston College,MA,1995,
Boston College,MA,1996,37.0
Boston College,MA,1997,38.0
Boston College,MA,1998,38.0
College of William and Mary,VA,2000,29.0
College of William and Mary,VA,2001,30.0
College of William and Mary,VA,2002,30.0
College of William and Mary,VA,2003,30.0
College of William and Mary,VA,2004,31.0
College of William and Mary,VA,2005,31.0
College of William and Mary,VA,2006,31.0
College of William and Mary,VA,2007,31.0
College of William and Mary,VA,2008,33.0
College of William and Mary,VA,2009,32.0
College of William and Mary,VA,2010,33.0
College of William and Mary,VA,2011,31.0
College of William and Mary,VA,2012,33.0
College of William and Mary,VA,2013,33.0
College of William and Mary,VA,2014,32.0
College of William and Mary,VA,2015,33.0
College of William and Mary,VA,2016,34.0
College of William and Mary,VA,2017,32.0
College of William and Mary,VA,2018,32.0
College of William and Mary,VA,1984,
College of William and Mary,VA,1986,
College of William and Mary,VA,1988,22.0
College of William and Mary,VA,1989,
College of William and Mary,VA,1990,
College of William and Mary,VA,1991,
College of William and Mary,VA,1992,
College of William and Mary,VA,1993,
College of William and Mary,VA,1994,
College of William and Mary,VA,1995,
College of William and Mary,VA,1996,34.0
College of William and Mary,VA,1997,33.0
College of William and Mary,VA,1998,32.0
University of California-Davis,CA,2000,42.0
University of California-Davis,CA,2001,41.0
University of California-Davis,CA,2002,41.0
University of California-Davis,CA,2003,43.0
University of California-Davis,CA,2004,43.0
University of California-Davis,CA,2005,42.0
University of California-Davis,CA,2006,48.0
University of California-Davis,CA,2007,47.0
University of California-Davis,CA,2008,42.0
University of California-Davis,CA,2009,44.0
University of California-Davis,CA,2010,42.0
University of California-Davis,CA,2011,39.0
University of California-Davis,CA,2012,38.0
University of California-Davis,CA,2013,38.0
University of California-Davis,CA,2014,39.0
University of California-Davis,CA,2015,38.0
University of California-Davis,CA,2016,41.0
University of California-Davis,CA,2017,44.0
University of California-Davis,CA,2018,46.0
University of California-Davis,CA,1984,
University of California-Davis,CA,1986,
University of California-Davis,CA,1988,
University of California-Davis,CA,1989,
University of California-Davis,CA,1990,
University of California-Davis,CA,1991,
University of California-Davis,CA,1992,
University of California-Davis,CA,1993,
University of California-Davis,CA,1994,
University of California-Davis,CA,1995,
University of California-Davis,CA,1996,40.0
University of California-Davis,CA,1997,40.0
University of California-Davis,CA,1998,41.0
University of California-San Diego,CA,2000,32.0
University of California-San Diego,CA,2001,31.0
University of California-San Diego,CA,2002,31.0
University of California-San Diego,CA,2003,31.0
University of California-San Diego,CA,2004,32.0
University of California-San Diego,CA,2005,35.0
University of California-San Diego,CA,2006,32.0
University of California-San Diego,CA,2007,38.0
University of California-San Diego,CA,2008,38.0
University of California-San Diego,CA,2009,35.0
University of California-San Diego,CA,2010,35.0
University of California-San Diego,CA,2011,35.0
University of California-San Diego,CA,2012,37.0
University of California-San Diego,CA,2013,38.0
University of California-San Diego,CA,2014,39.0
University of California-San Diego,CA,2015,37.0
University of California-San Diego,CA,2016,39.0
University of California-San Diego,CA,2017,44.0
University of California-San Diego,CA,2018,42.0
University of California-San Diego,CA,1984,
University of California-San Diego,CA,1986,
University of California-San Diego,CA,1988,
University of California-San Diego,CA,1989,
University of California-San Diego,CA,1990,
University of California-San Diego,CA,1991,
University of California-San Diego,CA,1992,
University of California-San Diego,CA,1993,
University of California-San Diego,CA,1994,
University of California-San Diego,CA,1995,
University of California-San Diego,CA,1996,43.0
University of California-San Diego,CA,1997,34.0
University of California-San Diego,CA,1998,33.0
Case Western Reserve University,OH,2000,34.0
Case Western Reserve University,OH,2001,38.0
Case Western Reserve University,OH,2002,38.0
Case Western Reserve University,OH,2003,37.0
Case Western Reserve University,OH,2004,37.0
Case Western Reserve University,OH,2005,35.0
Case Western Reserve University,OH,2006,37.0
Case Western Reserve University,OH,2007,38.0
Case Western Reserve University,OH,2008,41.0
Case Western Reserve University,OH,2009,41.0
Case Western Reserve University,OH,2010,41.0
Case Western Reserve University,OH,2011,41.0
Case Western Reserve University,OH,2012,38.0
Case Western Reserve University,OH,2013,37.0
Case Western Reserve University,OH,2014,37.0
Case Western Reserve University,OH,2015,38.0
Case Western Reserve University,OH,2016,37.0
Case Western Reserve University,OH,2017,37.0
Case Western Reserve University,OH,2018,37.0
Case Western Reserve University,OH,1984,
Case Western Reserve University,OH,1986,
Case Western Reserve University,OH,1988,
Case Western Reserve University,OH,1989,
Case Western Reserve University,OH,1990,
Case Western Reserve University,OH,1991,
Case Western Reserve University,OH,1992,
Case Western Reserve University,OH,1993,
Case Western Reserve University,OH,1994,
Case Western Reserve University,OH,1995,
Case Western Reserve University,OH,1996,35.0
Case Western Reserve University,OH,1997,38.0
Case Western Reserve University,OH,1998,37.0
Boston University,MA,2000,
Boston University,MA,2001,
Boston University,MA,2002,
Boston University,MA,2003,
Boston University,MA,2004,
Boston University,MA,2005,
Boston University,MA,2006,
Boston University,MA,2007,
Boston University,MA,2008,
Boston University,MA,2009,
Boston University,MA,2010,
Boston University,MA,2011,
Boston University,MA,2012,
Boston University,MA,2013,
Boston University,MA,2014,41.0
Boston University,MA,2015,42.0
Boston University,MA,2016,41.0
Boston University,MA,2017,39.0
Boston University,MA,2018,37.0
Boston University,MA,1984,
Boston University,MA,1986,
Boston University,MA,1988,
Boston University,MA,1989,
Boston University,MA,1990,
Boston University,MA,1991,
Boston University,MA,1992,
Boston University,MA,1993,
Boston University,MA,1994,
Boston University,MA,1995,
Boston University,MA,1996,
Boston University,MA,1997,
Boston University,MA,1998,
Northeastern University,MA,2000,
Northeastern University,MA,2001,
Northeastern University,MA,2002,
Northeastern University,MA,2003,
Northeastern University,MA,2004,
Northeastern University,MA,2005,
Northeastern University,MA,2006,
Northeastern University,MA,2007,
Northeastern University,MA,2008,
Northeastern University,MA,2009,
Northeastern University,MA,2010,
Northeastern University,MA,2011,
Northeastern University,MA,2012,
Northeastern University,MA,2013,
Northeastern University,MA,2014,49.0
Northeastern University,MA,2015,42.0
Northeastern University,MA,2016,47.0
Northeastern University,MA,2017,39.0
Northeastern University,MA,2018,40.0
Northeastern University,MA,1984,
Northeastern University,MA,1986,
Northeastern University,MA,1988,
Northeastern University,MA,1989,
Northeastern University,MA,1990,
Northeastern University,MA,1991,
Northeastern University,MA,1992,
Northeastern University,MA,1993,
Northeastern University,MA,1994,
Northeastern University,MA,1995,
Northeastern University,MA,1996,
Northeastern University,MA,1997,
Northeastern University,MA,1998,
Tulane University,LA,2000,44.0
Tulane University,LA,2001,45.0
Tulane University,LA,2002,46.0
Tulane University,LA,2003,43.0
Tulane University,LA,2004,44.0
Tulane University,LA,2005,43.0
Tulane University,LA,2006,43.0
Tulane University,LA,2007,44.0
Tulane University,LA,2008,50.0
Tulane University,LA,2009,
Tulane University,LA,2010,50.0
Tulane University,LA,2011,
Tulane University,LA,2012,50.0
Tulane University,LA,2013,
Tulane University,LA,2014,
Tulane University,LA,2015,
Tulane University,LA,2016,
Tulane University,LA,2017,39.0
Tulane University,LA,2018,40.0
Tulane University,LA,1984,
Tulane University,LA,1986,
Tulane University,LA,1988,
Tulane University,LA,1989,
Tulane University,LA,1990,
Tulane University,LA,1991,
Tulane University,LA,1992,
Tulane University,LA,1993,
Tulane University,LA,1994,
Tulane University,LA,1995,
Tulane University,LA,1996,38.0
Tulane University,LA,1997,36.0
Tulane University,LA,1998,34.0
Pepperdine University,CA,2000,
Pepperdine University,CA,2001,49.0
Pepperdine University,CA,2002,48.0
Pepperdine University,CA,2003,47.0
Pepperdine University,CA,2004,
Pepperdine University,CA,2005,
Pepperdine University,CA,2006,
Pepperdine University,CA,2007,
Pepperdine University,CA,2008,
Pepperdine University,CA,2009,
Pepperdine University,CA,2010,
Pepperdine University,CA,2011,
Pepperdine University,CA,2012,
Pepperdine University,CA,2013,
Pepperdine University,CA,2014,
Pepperdine University,CA,2015,
Pepperdine University,CA,2016,
Pepperdine University,CA,2017,50.0
Pepperdine University,CA,2018,46.0
Pepperdine University,CA,1984,
Pepperdine University,CA,1986,
Pepperdine University,CA,1988,
Pepperdine University,CA,1989,
Pepperdine University,CA,1990,
Pepperdine University,CA,1991,
Pepperdine University,CA,1992,
Pepperdine University,CA,1993,
Pepperdine University,CA,1994,
Pepperdine University,CA,1995,
Pepperdine University,CA,1996,
Pepperdine University,CA,1997,
Pepperdine University,CA,1998,
University of Illinois-Urbana-Champaign,IL,2000,34.0
University of Illinois-Urbana-Champaign,IL,2001,41.0
University of Illinois-Urbana-Champaign,IL,2002,36.0
University of Illinois-Urbana-Champaign,IL,2003,38.0
University of Illinois-Urbana-Champaign,IL,2004,40.0
University of Illinois-Urbana-Champaign,IL,2005,37.0
University of Illinois-Urbana-Champaign,IL,2006,42.0
University of Illinois-Urbana-Champaign,IL,2007,41.0
University of Illinois-Urbana-Champaign,IL,2008,38.0
University of Illinois-Urbana-Champaign,IL,2009,40.0
University of Illinois-Urbana-Champaign,IL,2010,39.0
University of Illinois-Urbana-Champaign,IL,2011,47.0
University of Illinois-Urbana-Champaign,IL,2012,45.0
University of Illinois-Urbana-Champaign,IL,2013,46.0
University of Illinois-Urbana-Champaign,IL,2014,41.0
University of Illinois-Urbana-Champaign,IL,2015,42.0
University of Illinois-Urbana-Champaign,IL,2016,41.0
University of Illinois-Urbana-Champaign,IL,2017,44.0
University of Illinois-Urbana-Champaign,IL,2018,
University of Illinois-Urbana-Champaign,IL,1984,8.0
University of Illinois-Urbana-Champaign,IL,1986,
University of Illinois-Urbana-Champaign,IL,1988,20.0
University of Illinois-Urbana-Champaign,IL,1989,
University of Illinois-Urbana-Champaign,IL,1990,
University of Illinois-Urbana-Champaign,IL,1991,
University of Illinois-Urbana-Champaign,IL,1992,
University of Illinois-Urbana-Champaign,IL,1993,
University of Illinois-Urbana-Champaign,IL,1994,
University of Illinois-Urbana-Champaign,IL,1995,
University of Illinois-Urbana-Champaign,IL,1996,45.0
University of Illinois-Urbana-Champaign,IL,1997,50.0
University of Illinois-Urbana-Champaign,IL,1998,45.0
University of Georgia,GA,2000,
University of Georgia,GA,2001,
University of Georgia,GA,2002,
University of Georgia,GA,2003,
University of Georgia,GA,2004,
University of Georgia,GA,2005,
University of Georgia,GA,2006,
University of Georgia,GA,2007,
University of Georgia,GA,2008,
University of Georgia,GA,2009,
University of Georgia,GA,2010,
University of Georgia,GA,2011,
University of Georgia,GA,2012,
University of Georgia,GA,2013,
University of Georgia,GA,2014,
University of Georgia,GA,2015,
University of Georgia,GA,2016,
University of Georgia,GA,2017,
University of Georgia,GA,2018,
University of Georgia,GA,1984,
University of Georgia,GA,1986,
University of Georgia,GA,1988,
University of Georgia,GA,1989,
University of Georgia,GA,1990,
University of Georgia,GA,1991,
University of Georgia,GA,1992,
University of Georgia,GA,1993,
University of Georgia,GA,1994,
University of Georgia,GA,1995,
University of Georgia,GA,1996,
University of Georgia,GA,1997,
University of Georgia,GA,1998,
Rensselaer Polytechnic Institute,NY,2000,
Rensselaer Polytechnic Institute,NY,2001,49.0
Rensselaer Polytechnic Institute,NY,2002,48.0
Rensselaer Polytechnic Institute,NY,2003,47.0
Rensselaer Polytechnic Institute,NY,2004,48.0
Rensselaer Polytechnic Institute,NY,2005,46.0
Rensselaer Polytechnic Institute,NY,2006,43.0
Rensselaer Polytechnic Institute,NY,2007,42.0
Rensselaer Polytechnic Institute,NY,2008,44.0
Rensselaer Polytechnic Institute,NY,2009,41.0
Rensselaer Polytechnic Institute,NY,2010,42.0
Rensselaer Polytechnic Institute,NY,2011,41.0
Rensselaer Polytechnic Institute,NY,2012,50.0
Rensselaer Polytechnic Institute,NY,2013,41.0
Rensselaer Polytechnic Institute,NY,2014,41.0
Rensselaer Polytechnic Institute,NY,2015,42.0
Rensselaer Polytechnic Institute,NY,2016,41.0
Rensselaer Polytechnic Institute,NY,2017,39.0
Rensselaer Polytechnic Institute,NY,2018,42.0
Rensselaer Polytechnic Institute,NY,1984,
Rensselaer Polytechnic Institute,NY,1986,
Rensselaer Polytechnic Institute,NY,1988,
Rensselaer Polytechnic Institute,NY,1989,
Rensselaer Polytechnic Institute,NY,1990,
Rensselaer Polytechnic Institute,NY,1991,
Rensselaer Polytechnic Institute,NY,1992,
Rensselaer Polytechnic Institute,NY,1993,
Rensselaer Polytechnic Institute,NY,1994,
Rensselaer Polytechnic Institute,NY,1995,
Rensselaer Polytechnic Institute,NY,1996,39.0
Rensselaer Polytechnic Institute,NY,1997,
Rensselaer Polytechnic Institute,NY,1998,48.0
University of Wisconsin-Madison,WI,2000,34.0
University of Wisconsin-Madison,WI,2001,35.0
University of Wisconsin-Madison,WI,2002,32.0
University of Wisconsin-Madison,WI,2003,31.0
University of Wisconsin-Madison,WI,2004,32.0
University of Wisconsin-Madison,WI,2005,32.0
University of Wisconsin-Madison,WI,2006,34.0
University of Wisconsin-Madison,WI,2007,34.0
University of Wisconsin-Madison,WI,2008,38.0
University of Wisconsin-Madison,WI,2009,35.0
University of Wisconsin-Madison,WI,2010,39.0
University of Wisconsin-Madison,WI,2011,45.0
University of Wisconsin-Madison,WI,2012,42.0
University of Wisconsin-Madison,WI,2013,41.0
University of Wisconsin-Madison,WI,2014,41.0
University of Wisconsin-Madison,WI,2015,47.0
University of Wisconsin-Madison,WI,2016,41.0
University of Wisconsin-Madison,WI,2017,44.0
University of Wisconsin-Madison,WI,2018,46.0
University of Wisconsin-Madison,WI,1984,13.0
University of Wisconsin-Madison,WI,1986,
University of Wisconsin-Madison,WI,1988,23.0
University of Wisconsin-Madison,WI,1989,
University of Wisconsin-Madison,WI,1990,
University of Wisconsin-Madison,WI,1991,
University of Wisconsin-Madison,WI,1992,
University of Wisconsin-Madison,WI,1993,
University of Wisconsin-Madison,WI,1994,
University of Wisconsin-Madison,WI,1995,
University of Wisconsin-Madison,WI,1996,32.0
University of Wisconsin-Madison,WI,1997,41.0
University of Wisconsin-Madison,WI,1998,38.0
Villanova University,PA,2000,
Villanova University,PA,2001,
Villanova University,PA,2002,
Villanova University,PA,2003,
Villanova University,PA,2004,
Villanova University,PA,2005,
Villanova University,PA,2006,
Villanova University,PA,2007,
Villanova University,PA,2008,
Villanova University,PA,2009,
Villanova University,PA,2010,
Villanova University,PA,2011,
Villanova University,PA,2012,
Villanova University,PA,2013,
Villanova University,PA,2014,
Villanova University,PA,2015,
Villanova University,PA,2016,
Villanova University,PA,2017,50.0
Villanova University,PA,2018,46.0
Villanova University,PA,1984,
Villanova University,PA,1986,
Villanova University,PA,1988,
Villanova University,PA,1989,
Villanova University,PA,1990,
Villanova University,PA,1991,
Villanova University,PA,1992,
Villanova University,PA,1993,
Villanova University,PA,1994,
Villanova University,PA,1995,
Villanova University,PA,1996,
Villanova University,PA,1997,
Villanova University,PA,1998,
University of Texas-Austin,TX,2000,44.0
University of Texas-Austin,TX,2001,49.0
University of Texas-Austin,TX,2002,48.0
University of Texas-Austin,TX,2003,47.0
University of Texas-Austin,TX,2004,
University of Texas-Austin,TX,2005,46.0
University of Texas-Austin,TX,2006,
University of Texas-Austin,TX,2007,47.0
University of Texas-Austin,TX,2008,44.0
University of Texas-Austin,TX,2009,47.0
University of Texas-Austin,TX,2010,47.0
University of Texas-Austin,TX,2011,45.0
University of Texas-Austin,TX,2012,45.0
University of Texas-Austin,TX,2013,46.0
University of Texas-Austin,TX,2014,
University of Texas-Austin,TX,2015,
University of Texas-Austin,TX,2016,
University of Texas-Austin,TX,2017,
University of Texas-Austin,TX,2018,
University of Texas-Austin,TX,1984,
University of Texas-Austin,TX,1986,
University of Texas-Austin,TX,1988,25.0
University of Texas-Austin,TX,1989,
University of Texas-Austin,TX,1990,
University of Texas-Austin,TX,1991,
University of Texas-Austin,TX,1992,
University of Texas-Austin,TX,1993,
University of Texas-Austin,TX,1994,
University of Texas-Austin,TX,1995,
University of Texas-Austin,TX,1996,
University of Texas-Austin,TX,1997,
University of Texas-Austin,TX,1998,
Lehigh University,PA,2000,34.0
Lehigh University,PA,2001,38.0
Lehigh University,PA,2002,38.0
Lehigh University,PA,2003,40.0
Lehigh University,PA,2004,37.0
Lehigh University,PA,2005,37.0
Lehigh University,PA,2006,32.0
Lehigh University,PA,2007,33.0
Lehigh University,PA,2008,31.0
Lehigh University,PA,2009,35.0
Lehigh University,PA,2010,35.0
Lehigh University,PA,2011,37.0
Lehigh University,PA,2012,38.0
Lehigh University,PA,2013,38.0
Lehigh University,PA,2014,41.0
Lehigh University,PA,2015,40.0
Lehigh University,PA,2016,47.0
Lehigh University,PA,2017,44.0
Lehigh University,PA,2018,46.0
Lehigh University,PA,1984,
Lehigh University,PA,1986,
Lehigh University,PA,1988,
Lehigh University,PA,1989,
Lehigh University,PA,1990,
Lehigh University,PA,1991,
Lehigh University,PA,1992,
Lehigh University,PA,1993,
Lehigh University,PA,1994,
Lehigh University,PA,1995,
Lehigh University,PA,1996,33.0
Lehigh University,PA,1997,32.0
Lehigh University,PA,1998,34.0
University of Miami,FL,2000,
University of Miami,FL,2001,
University of Miami,FL,2002,
University of Miami,FL,2003,
University of Miami,FL,2004,
University of Miami,FL,2005,
University of Miami,FL,2006,
University of Miami,FL,2007,
University of Miami,FL,2008,
University of Miami,FL,2009,
University of Miami,FL,2010,50.0
University of Miami,FL,2011,47.0
University of Miami,FL,2012,38.0
University of Miami,FL,2013,44.0
University of Miami,FL,2014,47.0
University of Miami,FL,2015,48.0
University of Miami,FL,2016,
University of Miami,FL,2017,44.0
University of Miami,FL,2018,46.0
University of Miami,FL,1984,
University of Miami,FL,1986,
University of Miami,FL,1988,
University of Miami,FL,1989,
University of Miami,FL,1990,
University of Miami,FL,1991,
University of Miami,FL,1992,
University of Miami,FL,1993,
University of Miami,FL,1994,
University of Miami,FL,1995,
University of Miami,FL,1996,
University of Miami,FL,1997,
University of Miami,FL,1998,
Syracuse University,NY,2000,
Syracuse University,NY,2001,
Syracuse University,NY,2002,
Syracuse University,NY,2003,
Syracuse University,NY,2004,
Syracuse University,NY,2005,
Syracuse University,NY,2006,50.0
Syracuse University,NY,2007,
Syracuse University,NY,2008,50.0
Syracuse University,NY,2009,
Syracuse University,NY,2010,
Syracuse University,NY,2011,
Syracuse University,NY,2012,
Syracuse University,NY,2013,
Syracuse University,NY,2014,
Syracuse University,NY,2015,
Syracuse University,NY,2016,
Syracuse University,NY,2017,
Syracuse University,NY,2018,
Syracuse University,NY,1984,
Syracuse University,NY,1986,
Syracuse University,NY,1988,
Syracuse University,NY,1989,
Syracuse University,NY,1990,
Syracuse University,NY,1991,
Syracuse University,NY,1992,
Syracuse University,NY,1993,
Syracuse University,NY,1994,
Syracuse University,NY,1995,
Syracuse University,NY,1996,49.0
Syracuse University,NY,1997,44.0
Syracuse University,NY,1998,40.0
Rutgers University-New Brunswick,NJ,2000,
Rutgers University-New Brunswick,NJ,2001,
Rutgers University-New Brunswick,NJ,2002,
Rutgers University-New Brunswick,NJ,2003,
Rutgers University-New Brunswick,NJ,2004,
Rutgers University-New Brunswick,NJ,2005,
Rutgers University-New Brunswick,NJ,2006,
Rutgers University-New Brunswick,NJ,2007,
Rutgers University-New Brunswick,NJ,2008,
Rutgers University-New Brunswick,NJ,2009,
Rutgers University-New Brunswick,NJ,2010,
Rutgers University-New Brunswick,NJ,2011,
Rutgers University-New Brunswick,NJ,2012,
Rutgers University-New Brunswick,NJ,2013,
Rutgers University-New Brunswick,NJ,2014,
Rutgers University-New Brunswick,NJ,2015,
Rutgers University-New Brunswick,NJ,2016,
Rutgers University-New Brunswick,NJ,2017,
Rutgers University-New Brunswick,NJ,2018,
Rutgers University-New Brunswick,NJ,1984,
Rutgers University-New Brunswick,NJ,1986,
Rutgers University-New Brunswick,NJ,1988,
Rutgers University-New Brunswick,NJ,1989,
Rutgers University-New Brunswick,NJ,1990,
Rutgers University-New Brunswick,NJ,1991,
Rutgers University-New Brunswick,NJ,1992,
Rutgers University-New Brunswick,NJ,1993,
Rutgers University-New Brunswick,NJ,1994,
Rutgers University-New Brunswick,NJ,1995,
Rutgers University-New Brunswick,NJ,1996,45.0
Rutgers University-New Brunswick,NJ,1997,
Rutgers University-New Brunswick,NJ,1998,
Pennsylvania State University-University Park,PA,2000,40.0
Pennsylvania State University-University Park,PA,2001,44.0
Pennsylvania State University-University Park,PA,2002,46.0
Pennsylvania State University-University Park,PA,2003,45.0
Pennsylvania State University-University Park,PA,2004,48.0
Pennsylvania State University-University Park,PA,2005,50.0
Pennsylvania State University-University Park,PA,2006,48.0
Pennsylvania State University-University Park,PA,2007,47.0
Pennsylvania State University-University Park,PA,2008,48.0
Pennsylvania State University-University Park,PA,2009,47.0
Pennsylvania State University-University Park,PA,2010,47.0
Pennsylvania State University-University Park,PA,2011,47.0
Pennsylvania State University-University Park,PA,2012,45.0
Pennsylvania State University-University Park,PA,2013,46.0
Pennsylvania State University-University Park,PA,2014,37.0
Pennsylvania State University-University Park,PA,2015,48.0
Pennsylvania State University-University Park,PA,2016,47.0
Pennsylvania State University-University Park,PA,2017,50.0
Pennsylvania State University-University Park,PA,2018,
Pennsylvania State University-University Park,PA,1984,
Pennsylvania State University-University Park,PA,1986,
Pennsylvania State University-University Park,PA,1988,
Pennsylvania State University-University Park,PA,1989,
Pennsylvania State University-University Park,PA,1990,
Pennsylvania State University-University Park,PA,1991,
Pennsylvania State University-University Park,PA,1992,
Pennsylvania State University-University Park,PA,1993,
Pennsylvania State University-University Park,PA,1994,
Pennsylvania State University-University Park,PA,1995,
Pennsylvania State University-University Park,PA,1996,41.0
Pennsylvania State University-University Park,PA,1997,
Pennsylvania State University-University Park,PA,1998,45.0
University of Washington,WA,2000,44.0
University of Washington,WA,2001,45.0
University of Washington,WA,2002,45.0
University of Washington,WA,2003,47.0
University of Washington,WA,2004,45.0
University of Washington,WA,2005,46.0
University of Washington,WA,2006,45.0
University of Washington,WA,2007,42.0
University of Washington,WA,2008,42.0
University of Washington,WA,2009,41.0
University of Washington,WA,2010,42.0
University of Washington,WA,2011,41.0
University of Washington,WA,2012,42.0
University of Washington,WA,2013,46.0
University of Washington,WA,2014,
University of Washington,WA,2015,48.0
University of Washington,WA,2016,
University of Washington,WA,2017,
University of Washington,WA,2018,
University of Washington,WA,1984,
University of Washington,WA,1986,
University of Washington,WA,1988,
University of Washington,WA,1989,
University of Washington,WA,1990,
University of Washington,WA,1991,
University of Washington,WA,1992,
University of Washington,WA,1993,
University of Washington,WA,1994,
University of Washington,WA,1995,
University of Washington,WA,1996,50.0
University of Washington,WA,1997,42.0
University of Washington,WA,1998,
Worcester Polytechnic Institute,MA,2000,
Worcester Polytechnic Institute,MA,2001,
Worcester Polytechnic Institute,MA,2002,
Worcester Polytechnic Institute,MA,2003,
Worcester Polytechnic Institute,MA,2004,
Worcester Polytechnic Institute,MA,2005,
Worcester Polytechnic Institute,MA,2006,
Worcester Polytechnic Institute,MA,2007,
Worcester Polytechnic Institute,MA,2008,
Worcester Polytechnic Institute,MA,2009,
Worcester Polytechnic Institute,MA,2010,
Worcester Polytechnic Institute,MA,2011,
Worcester Polytechnic Institute,MA,2012,
Worcester Polytechnic Institute,MA,2013,
Worcester Polytechnic Institute,MA,2014,
Worcester Polytechnic Institute,MA,2015,
Worcester Polytechnic Institute,MA,2016,
Worcester Polytechnic Institute,MA,2017,
Worcester Polytechnic Institute,MA,2018,
Worcester Polytechnic Institute,MA,1984,
Worcester Polytechnic Institute,MA,1986,
Worcester Polytechnic Institute,MA,1988,
Worcester Polytechnic Institute,MA,1989,
Worcester Polytechnic Institute,MA,1990,
Worcester Polytechnic Institute,MA,1991,
Worcester Polytechnic Institute,MA,1992,
Worcester Polytechnic Institute,MA,1993,
Worcester Polytechnic Institute,MA,1994,
Worcester Polytechnic Institute,MA,1995,
Worcester Polytechnic Institute,MA,1996,
Worcester Polytechnic Institute,MA,1997,
Worcester Polytechnic Institute,MA,1998,48.0
George Washington University,DC,2000,
George Washington University,DC,2001,
George Washington University,DC,2002,
George Washington University,DC,2003,
George Washington University,DC,2004,
George Washington University,DC,2005,
George Washington University,DC,2006,
George Washington University,DC,2007,
George Washington University,DC,2008,
George Washington University,DC,2009,
George Washington University,DC,2010,
George Washington University,DC,2011,
George Washington University,DC,2012,50.0
George Washington University,DC,2013,
George Washington University,DC,2014,
George Washington University,DC,2015,
George Washington University,DC,2016,
George Washington University,DC,2017,
George Washington University,DC,2018,
George Washington University,DC,1984,
George Washington University,DC,1986,
George Washington University,DC,1988,
George Washington University,DC,1989,
George Washington University,DC,1990,
George Washington University,DC,1991,
George Washington University,DC,1992,
George Washington University,DC,1993,
George Washington University,DC,1994,
George Washington University,DC,1995,
George Washington University,DC,1996,
George Washington University,DC,1997,46.0
George Washington University,DC,1998,
Texas A&M University-College Station,TX,2000,
Texas A&M University-College Station,TX,2001,
Texas A&M University-College Station,TX,2002,48.0
Texas A&M University-College Station,TX,2003,
Texas A&M University-College Station,TX,2004,
Texas A&M University-College Station,TX,2005,
Texas A&M University-College Station,TX,2006,
Texas A&M University-College Station,TX,2007,
Texas A&M University-College Station,TX,2008,
Texas A&M University-College Station,TX,2009,
Texas A&M University-College Station,TX,2010,
Texas A&M University-College Station,TX,2011,
Texas A&M University-College Station,TX,2012,
Texas A&M University-College Station,TX,2013,
Texas A&M University-College Station,TX,2014,
Texas A&M University-College Station,TX,2015,
Texas A&M University-College Station,TX,2016,
Texas A&M University-College Station,TX,2017,
Texas A&M University-College Station,TX,2018,
Texas A&M University-College Station,TX,1984,
Texas A&M University-College Station,TX,1986,
Texas A&M University-College Station,TX,1988,
Texas A&M University-College Station,TX,1989,
Texas A&M University-College Station,TX,1990,
Texas A&M University-College Station,TX,1991,
Texas A&M University-College Station,TX,1992,
Texas A&M University-College Station,TX,1993,
Texas A&M University-College Station,TX,1994,
Texas A&M University-College Station,TX,1995,
Texas A&M University-College Station,TX,1996,
Texas A&M University-College Station,TX,1997,48.0
Texas A&M University-College Station,TX,1998,
