College Name,State,2019,2018,2017,2016,2015,2014,2013,2012,2011,2010,2009,2008,2007,2006,2005,2004,2003,2002,2001,2000,1999,1998,1997,1996,1995,1994,1993,1992,1991,1990,1989,1988,1986,1984
Williams College,MA,1,1,1,1,1,1,1,1,1,1,1,1,1,1,1,1,2,3,3,3,3,3,3,2,2,2,1,1,3,3,3,1,1,2
Amherst College,MA,2,2,2,2,2,2,2,2,2,2,1,2,2,2,2,2,1,1,1,2,1,2,2,1,1,1,2,3,1,2,2,4,3,1
Swarthmore College,PA,3,3,4,3,3,3,3,3,3,3,3,3,3,3,2,3,2,1,2,1,2,1,1,2,3,3,3,2,2,1,1,2,2,2
Wellesley College,MA,3,3,3,4,4,7,6,8,4,4,4,4,4,4,4,4,4,4,4,4,4,3,4,5,4,4,4,6,5,5,4,8,8,6
Bowdoin College,ME,5,3,6,4,5,4,6,6,6,6,6,7,7,6,7,10,7,5,6,9,7,8,8,4,6,6,6,4,4,13,9,12,10,
Pomona College,CA,5,6,7,4,5,4,4,4,6,6,6,7,7,6,5,4,5,5,5,7,5,5,5,8,5,5,5,5,6,4,5,6,7,9
Middlebury College,VT,5,6,4,4,7,4,4,5,4,4,5,5,5,8,11,7,7,9,6,5,7,8,7,7,11,8,8,9,8,12,14,17,,
Carleton College,MN,5,8,7,8,8,7,8,6,8,8,8,5,6,5,5,4,5,5,6,8,9,7,9,11,10,13,12,12,10,14,12,3,4,4
Claremont McKenna College,CA,9,8,9,9,8,9,10,9,11,11,11,11,12,10,13,12,13,17,14,14,15,8,15,16,12,11,16,14,13,21,18,23,,
Davidson College,NC,10,10,9,9,11,9,12,11,9,8,9,9,10,10,7,7,9,10,11,11,11,8,11,21,8,12,18,21,10,15,20,15,,9
Haverford College,PA,11,18,12,12,8,9,9,10,9,10,10,10,9,8,9,9,10,5,6,5,5,6,6,5,6,7,9,8,21,11,10,9,5,9
Smith College,MA,11,12,12,14,19,20,18,19,14,18,18,17,19,19,13,15,13,14,12,13,11,14,12,10,13,9,10,10,9,7,7,14,,
Vassar College,NY,11,12,12,12,11,13,10,14,12,11,11,11,12,13,12,14,15,14,16,17,17,17,17,13,16,14,13,13,10,19,15,24,,
Grinnell College,IA,11,18,19,19,19,17,22,19,18,14,14,11,14,15,16,15,12,11,14,11,11,14,16,14,17,16,14,16,16,10,8,10,9,
Washington and Lee University,VA,11,10,11,14,14,14,14,12,14,14,17,15,17,14,13,12,15,13,12,14,11,8,13,15,15,20,22,22,15,18,23,25,,
Colgate University,NY,16,12,12,19,22,20,18,21,21,19,18,17,16,15,16,17,18,17,18,18,21,20,20,17,18,19,17,17,22,16,16,,,
Hamilton College,NY,16,18,12,14,15,14,16,17,18,21,20,17,17,15,19,21,18,21,21,18,21,22,25,23,T1 (26-40),22,21,25,19,23,24,25,,
Wesleyan University,CT,18,21,21,14,15,17,17,12,12,13,13,11,10,12,9,11,11,11,10,10,9,14,14,12,9,10,7,7,7,8,6,6,,7
Colby College,ME,18,12,12,19,15,22,18,21,23,22,23,22,20,20,19,17,18,20,19,18,17,18,18,19,23,17,15,20,18,23,22,,,
Harvey Mudd College,CA,18,12,21,14,15,16,12,18,18,14,14,15,14,18,16,17,15,14,,,,,,,,,,,,,,,,
United States Military Academy,NY,18,12,19,22,24,17,18,14,16,14,14,22,,,,,,,,,,,,,,,,,,,,,,
Bates College,ME,22,23,27,25,19,22,22,21,21,25,25,24,23,21,22,23,22,22,19,23,19,20,22,18,21,18,23,Q1 (26-35),19,21,21,,,
Soka University of America,CA,22,39,41,45,41,41,49,64,,,,,,,,,,,,,,,,,,,,,,,,,,
United States Naval Academy,MD,22,21,12,9,13,12,14,14,16,19,22,20,,,,,,,,,,,,,,,,,,,,,,
Barnard College,NY,25,26,27,29,32,32,28,33,26,30,27,30,26,27,29,38,28,28,29,25,24,27,23,32,T1 (26-40),Q1 (26-35),Q1 (26-35),19,25,25,19,,,
University of Richmond,VA,25,23,27,32,30,25,28,27,32,30,33,40,34,34,,,,,,,,,,,,,,,,,,,,
Bryn Mawr College,PA,27,32,31,25,27,30,26,25,30,25,23,24,20,21,21,17,21,17,16,18,15,8,10,9,14,15,10,11,23,5,13,11,,8
Colorado College,CO,27,23,24,25,27,31,28,27,26,24,30,26,26,27,33,27,29,28,29,25,24,31,28,28,20,Q1 (26-35),Q1 (26-35),Q2 (36-70),Q1 (26-36),,25,20,11,
Macalester College,MN,27,26,24,23,24,24,24,25,26,29,25,26,24,25,26,25,26,26,25,24,24,25,32,34,T1 (26-40),Q1 (26-35),Q2 (36-70),Q2 (36-70),Q2 (37-71),,,,,
Oberlin College,OH,30,26,24,23,23,25,26,25,23,22,20,20,22,23,23,24,23,22,23,25,24,22,24,22,19,21,20,15,14,9,11,5,6,5
Mount Holyoke College,MA,30,36,36,35,41,38,32,29,26,25,27,28,24,23,24,25,23,24,21,16,19,18,19,19,T1 (26-40),23,19,18,17,17,17,17,11,
Scripps College,CA,30,26,23,29,24,25,24,29,23,25,27,28,26,27,26,34,29,33,37,35,39,37,36,37,T1 (26-40),Q2 (36-70),Q2 (36-70),Q1 (26-35),Q1 (26-36),,,,,
Kenyon College,OH,30,26,27,25,30,32,32,33,32,33,32,32,32,32,29,30,29,33,29,32,31,31,33,36,T1 (26-40),Q2 (36-70),Q2 (36-70),Q2 (36-70),Q1 (26-36),,,,,
United States Air Force Academy,CO,30,26,32,29,27,25,31,33,,,,,,,,,,,,,,,,,,,,,,,,,,
College of the Holy Cross,MA,35,33,32,32,34,25,32,29,32,36,35,33,32,32,31,27,26,32,29,30,30,25,27,26,24,25,Q1 (26-35),23,Q1 (26-36),,,,,
Bucknell University,PA,36,33,32,32,32,32,32,29,30,30,30,30,29,27,26,27,29,28,27,30,31,27,31,30,25,Q1 (26-35),Q1 (26-35),Q1 (26-35),Q1 (26-36),,,,,
Franklin and Marshall College,PA,36,39,47,40,37,45,46,42,41,43,42,40,41,39,38,38,36,36,33,35,33,33,34,29,T1 (26-40),Q1 (26-35),Q1 (26-35),Q1 (26-35),Q1 (26-36),,,,,
Lafayette College,PA,36,36,36,37,35,36,39,40,38,35,35,34,29,27,31,30,29,33,36,33,33,37,39,33,T1 (26-40),Q1 (26-35),25,Q1 (26-35),Q1 (26-36),,,,,
Occidental College,CA,39,44,44,43,44,41,39,37,36,33,37,36,36,41,42,40,44,44,39,40,36,33,38,39,T2 (41-80),Q1 (26-35),Q1 (26-35),24,24,,,,,
Union College,NY,39,36,38,38,41,41,41,40,41,43,42,40,39,36,40,37,38,38,35,33,33,35,34,31,T1 (26-40),Q1 (26-35),Q1 (26-35),Q1 (26-35),Q1 (26-36),,,,,
Pitzer College,CA,41,33,32,36,35,35,43,42,46,49,49,49,51,53,59,70,T2 (53-112),,T2 (52-80),T2 (43-80),T2 (41-89),T2 (43-92),T2 (41-80),T2 (41-81),T2 (41-80),Q2 (36-70),Q2 (36-70),Q2 (36-70),Q2 (37-71),,,,,
Skidmore College,NY,41,41,38,38,37,45,43,49,41,46,47,47,48,41,45,42,41,42,47,T2 (43-80),T2 (41-89),T2 (43-92),T2 (41-80),T2 (41-81),T2 (41-80),Q2 (36-70),Q2 (36-70),Q2 (36-70),Q2 (37-71),,,,,
Denison University,OH,43,46,51,55,51,50,49,49,51,53,53,52,48,51,50,49,T2 (53-112),,42,T2 (43-80),T2 (41-89),T2 (43-92),T2 (41-80),T2 (41-81),T2 (41-80),Q2 (36-70),Q2 (36-70),Q2 (36-70),Q2 (37-71),,,,,
Whitman College,WA,43,41,41,40,37,41,43,42,38,36,37,37,36,36,35,34,40,38,33,35,36,40,T2 (41-80),T2 (41-81),T2 (41-80),Q2 (36-70),Q2 (36-70),Q2 (36-70),Q3 (72-106),,,,,
Thomas Aquinas College,CA,43,58,53,82,77,61,82,71,71,68,60,83,73,88,89,91,T2 (53-112),,,,T2 (41-89),T2 (43-92),T2 (41-80),T3 (82-121),T3 (81-120),,,,,,,,,
Connecticut College,CT,46,46,50,48,45,45,41,37,41,42,42,44,39,36,35,34,29,26,27,25,24,27,26,25,T1 (26-40),Q1 (26-35),Q1 (26-35),Q1 (26-35),Q2 (37-71),,,,,
Trinity College,CT,46,44,38,43,45,36,38,37,36,36,33,34,29,25,24,22,25,24,23,22,23,22,21,23,22,24,24,Q1 (26-35),Q1 (26-36),20,,,,
Centre College,KY,46,46,44,45,45,49,52,42,47,46,45,44,44,41,42,45,44,42,42,T2 (43-80),T2 (41-89),40,T2 (41-80),T2 (41-81),T2 (41-80),Q2 (36-70),Q2 (36-70),Q2 (36-70),Q2 (37-71),,,22,,
Sewanee-University of the South,TN,49,41,47,48,45,38,36,33,32,36,41,40,34,34,33,33,29,28,25,25,24,27,29,27,T1 (26-40),Q1 (26-35),Q1 (26-35),Q1 (26-35),Q2 (37-71),,,,,
Gettysburg College,PA,49,46,51,48,50,50,46,47,47,49,49,48,45,47,45,45,44,48,T2 (52-80),T2 (43-80),T2 (41-89),T2 (43-92),T2 (41-80),T2 (41-81),T2 (41-80),Q2 (36-70),Q2 (36-70),Q2 (36-70),Q1 (26-36),,,,,
Agnes Scott College,GA,51,61,70,67,73,89,75,68,67,59,60,63,61,55,53,50,T2 (53-112),,T2 (52-80),T2 (43-80),T2 (41-89),T2 (43-92),T2 (41-80),T2 (41-81),T2 (41-80),Q2 (36-70),Q2 (36-70),Q2 (36-70),Q2 (37-71),,,,,
Dickinson College,PA,51,51,41,40,37,45,46,47,47,46,45,44,41,45,40,42,44,44,47,39,T2 (41-89),T2 (43-92),T2 (41-80),40,T2 (41-80),Q2 (36-70),Q2 (36-70),Q2 (36-70),Q1 (26-36),,,,,
Furman University,SC,51,53,53,51,51,52,49,42,41,40,37,37,41,41,38,42,41,44,42,T2 (43-80),T2 (41-89),T2 (43-92),T2 (41-80),T2 (41-81),T2 (41-80),Q2 (36-70),Q2 (36-70),Q2 (36-70),Q2 (37-71),,,,,
Rhodes College,TN,51,51,44,51,54,54,52,51,47,54,49,49,45,45,45,45,41,44,38,T2 (43-80),T2 (41-89),T2 (43-92),T2 (41-80),T2 (41-81),T1 (26-40),Q2 (36-70),Q2 (36-70),Q2 (36-70),Q2 (37-71),,,,,
Spelman College,GA,51,61,72,72,81,65,68,62,59,68,77,75,74,73,66,81,T2 (53-112),,T3 (81-120),T3 (81-121),T2 (41-89),T3 (93-127),T3 (81-120),T3 (82-121),T3 (81-120),,,,,,,,,
Bard College,NY,56,46,49,45,45,38,36,51,38,40,37,37,36,39,35,30,36,38,39,40,39,37,40,T2 (41-81),T1 (26-40),Q2 (36-70),Q2 (36-70),Q2 (36-70),Q2 (37-71),,,,,
DePauw University,IN,56,53,53,51,51,54,54,53,51,43,49,49,48,49,42,40,39,40,39,T2 (43-80),T2 (41-89),T2 (43-92),T2 (41-80),T2 (41-81),T2 (41-80),Q2 (36-70),Q2 (36-70),Q2 (36-70),Q2 (37-71),,,,,
Lawrence University,WI,56,58,60,57,59,59,56,60,67,59,56,56,52,53,53,52,50,48,42,40,T2 (41-89),40,T2 (41-80),T2 (41-81),T1 (26-40),Q2 (36-70),Q2 (36-70),Q2 (36-70),Q2 (37-71),,,,,
St. Lawrence University,NY,56,58,53,60,56,56,56,53,55,56,58,56,57,61,62,62,T2 (53-112),,T2 (52-80),T2 (43-80),T2 (41-89),T2 (43-92),T2 (41-80),T2 (41-81),T2 (41-80),Q2 (36-70),Q2 (36-70),Q2 (36-70),Q2 (37-71),,,,,
Wabash College,IN,56,65,65,61,61,57,56,53,58,54,54,52,51,51,48,50,44,48,T2 (52-80),T2 (43-80),T2 (41-89),T2 (43-92),T2 (41-80),38,T2 (41-80),Q2 (36-70),Q2 (36-70),Q2 (36-70),Q2 (37-71),,,,,
St. John's College,MD,61,53,53,55,56,123,133,139,177,122,122,T3 (126-184),T3 (111-162),T3 (111-164),T3 (111-162),T3 (111-161),T3 (113-161),,T3 (81-120),T3 (81-121),T2 (41-89),T2 (43-92),T2 (41-80),T3 (82-121),T2 (41-80),Q2 (36-70),Q2 (36-70),Q2 (36-70),Q2 (37-71),,,19,,
St. Olaf College,MN,61,57,53,51,54,52,55,53,51,49,47,54,55,55,62,59,T2 (53-112),,T2 (52-80),T2 (43-80),T2 (41-89),T2 (43-92),T2 (41-80),T2 (41-81),T2 (41-80),Q2 (36-70),Q2 (36-70),Q2 (36-70),Q2 (37-71),,,20,,
Wheaton College,IL,61,63,62,57,56,57,56,57,55,56,56,59,61,55,51,52,T2 (53-112),,42,T2 (43-80),T2 (41-89),T2 (43-92),T2 (41-80),T2 (41-81),T2 (41-80),Q2 (36-70),Q2 (36-70),Q3 (71-105),Q3 (72-106),,,,,
Berea College,KY,61,68,60,67,69,76,75,71,67,,68,75,,,,,,,,,,,,,T3 (81-120),,,,,,,,,
Sarah Lawrence College,NY,65,53,59,57,59,,,,,,,,45,49,48,48,49,40,50,38,36,35,29,35,T1 (26-40),Q2 (36-70),Q1 (26-35),Q1 (26-35),Q2 (37-71),,,,,
Kalamazoo College,MI,65,76,68,66,64,61,68,68,71,68,60,67,57,55,53,66,T2 (53-112),,T2 (52-80),T2 (43-80),T2 (41-89),T2 (43-92),T2 (41-80),T2 (41-81),T2 (41-80),Q2 (36-70),Q2 (36-70),Q2 (36-70),Q2 (37-71),,,,,
College of Wooster,OH,67,63,62,61,69,65,63,71,71,68,77,71,65,68,59,59,T2 (53-112),,T2 (52-80),T2 (43-80),T2 (41-89),T2 (43-92),T2 (41-80),T2 (41-81),T2 (41-80),Q3 (71-105),Q2 (36-70),Q2 (36-70),Q2 (37-71),,,,,
Hobart and William Smith College,NY,68,65,65,61,61,61,60,64,67,68,68,63,65,61,68,70,T2 (53-112),,T3 (81-120),T2 (43-80),T2 (41-89),T2 (43-92),T2 (41-80),T2 (41-81),T2 (41-80),Q2 (36-70),Q2 (36-70),Q2 (36-70),Q2 (37-71),,,,,
Beloit College,WI,68,76,62,61,61,59,63,60,55,62,60,67,61,61,53,52,T2 (53-112),48,47,T2 (43-80),T2 (41-89),T2 (43-92),T2 (41-80),T2 (41-81),T2 (41-80),Q2 (36-70),Q3 (71-105),Q3 (71-105),Q3 (72-106),,,,,
Knox College,IL,68,71,77,72,81,82,75,71,75,80,88,80,79,73,77,78,T2 (53-112),,T2 (52-80),T2 (43-80),T2 (41-89),T2 (43-92),T2 (41-80),T2 (41-81),T2 (41-80),Q2 (36-70),Q2 (36-70),Q3 (71-105),Q2 (37-71),,,,,
Lewis and Clark College,OR,68,76,87,72,77,74,70,71,75,79,71,80,79,81,77,85,T2 (53-112),,T3 (81-120),T3 (81-121),T2 (41-89),T2 (43-92),T3 (81-120),T2 (41-81),T3 (81-120),Q2 (36-70),Q3 (71-105),Q3 (71-105),Q3 (72-106),,,,,
St. John's College,NM,72,76,83,100,89,,,,,,,T3 (126-184),T3 (111-162),T3 (111-164),T3 (111-162),T3 (111-161),T3 (113-161),,T4 (121-162),T3 (81-121),T3 (90-122),T2 (43-92),T2 (41-80),T2 (41-81),T3 (81-120),Q3 (71-105),Q3 (71-105),Q2 (36-70),Q2 (37-71),,,,,
Illinois Wesleyan University,IL,72,71,72,72,73,65,70,71,62,62,60,59,61,55,53,56,50,,T2 (52-80),T2 (43-80),T2 (41-89),T2 (43-92),T2 (41-80),T2 (41-81),T2 (41-80),,,,,,,,,
University of Puget Sound,WA,72,68,70,72,81,76,85,81,81,80,81,80,82,81,77,81,T2 (53-112),,T2 (52-80),T3 (81-121),T2 (41-89),T2 (43-92),T3 (81-120),T3 (82-121),T2 (41-80),,,,,,,,,
Wofford College,SC,72,71,77,82,77,65,63,64,62,62,60,59,57,55,66,66,T2 (53-112),,T2 (52-80),T2 (43-80),T2 (41-89),T2 (43-92),T3 (81-120),T2 (41-81),T2 (41-80),,,,,,,,,
Allegheny College,PA,76,82,77,72,81,82,82,86,93,85,94,85,82,88,83,88,T2 (53-112),,T2 (52-80),T2 (43-80),T2 (41-89),T2 (43-92),T2 (41-80),T2 (41-81),T2 (41-80),Q2 (36-70),Q3 (71-105),Q3 (71-105),Q3 (72-106),,,,,
Hendrix College,AR,76,76,72,82,81,82,70,86,81,80,77,71,69,73,70,70,T2 (53-112),,T3 (81-120),T3 (81-121),T3 (90-122),T2 (43-92),T3 (81-120),T2 (41-81),T2 (41-80),Q3 (71-105),Q3 (71-105),Q3 (71-105),Q3 (72-106),,,,,
Willamette University,OR,76,82,72,67,64,61,63,57,59,62,60,63,65,61,51,56,50,,50,T2 (43-80),T2 (41-89),T2 (43-92),T2 (41-80),T2 (41-81),T2 (41-80),Q2 (36-70),Q3 (71-105),Q3 (71-105),Q3 (72-106),,,,,
Hillsdale College,MI,76,71,83,67,69,82,96,,88,89,98,97,T3 (111-162),104,96,97,T2 (53-112),,,,,,,,,,,,,,,,,
Transylvania University,KY,76,87,83,82,81,76,75,81,88,85,77,87,95,104,105,97,T2 (53-112),,T3 (81-120),T3 (81-121),T2 (41-89),T3 (93-127),T3 (81-120),T3 (82-121),T3 (81-120),,,,,,,,,
Earlham College,IN,81,68,68,61,73,65,82,68,75,62,67,69,65,69,70,63,T2 (53-112),,T2 (52-80),T2 (43-80),T2 (41-89),T2 (43-92),T2 (41-80),T2 (41-81),T2 (41-80),Q2 (36-70),Q2 (36-70),Q2 (36-70),Q2 (37-71),,,16,11,
Muhlenberg College,PA,81,71,65,72,64,65,70,81,75,68,71,71,74,73,70,70,T2 (53-112),,T2 (52-80),T2 (43-80),T2 (41-89),T2 (43-92),T3 (81-120),T2 (41-81),T3 (81-120),Q3 (71-105),Q3 (71-105),Q2 (36-70),Q3 (72-106),,,,,
Virginia Military Institute,VA,81,65,72,82,64,65,70,71,62,62,71,71,86,73,77,70,T2 (53-112),,T3 (81-120),T3 (81-121),T3 (90-122),T3 (93-127),T3 (81-120),T3 (82-121),T3 (81-120),Q3 (71-105),Q3 (71-105),Q2 (36-70),Q2 (37-71),,,,,
Cornell College,IA,81,87,90,93,105,97,90,94,81,85,88,97,T3 (111-162),T3 (111-164),T3 (111-162),T3 (111-161),T2 (53-112),,T3 (81-120),T3 (81-121),T3 (90-122),T3 (93-127),T3 (81-120),T3 (82-121),T3 (81-120),Q3 (71-105),Q3 (71-105),Q3 (71-105),Q3 (72-106),,,,,
Principia College,IL,81,112,115,127,139,107,121,112,127,,,85,86,84,96,91,T2 (53-112),,,,,,,,,Q4 (106-140),Q4 (106-140),Q3 (71-105),Q3 (72-106),,,,,
Wheaton College,MA,86,76,77,67,69,65,60,62,59,58,58,56,55,66,62,63,T2 (53-112),,T2 (52-80),T2 (43-80),T2 (41-89),T2 (43-92),T2 (41-80),T2 (41-81),T2 (41-80),Q3 (71-105),Q2 (36-70),Q2 (36-70),Q2 (37-71),,,,,
Juniata College,PA,86,106,108,105,105,100,100,102,81,85,98,97,95,100,101,106,T2 (53-112),,T3 (81-120),T3 (81-121),T3 (90-122),T3 (93-127),T3 (81-120),T3 (82-121),T3 (81-120),Q3 (71-105),Q3 (71-105),Q3 (71-105),Q3 (72-106),,,,,
College of St. Benedict,MN,86,87,87,90,89,94,96,90,81,80,84,106,95,88,101,97,T2 (53-112),,T3 (81-120),T3 (81-121),T3 (90-122),T3 (93-127),T3 (81-120),T4 (122-161),T4 (121-160),,,,,,,,,
Luther College,IA,89,87,90,90,89,94,100,86,81,89,88,97,95,T3 (111-164),101,106,T2 (53-112),,T3 (81-120),T3 (81-121),T3 (90-122),T3 (93-127),T3 (81-120),T3 (82-121),T3 (81-120),Q3 (71-105),Q3 (71-105),Q4 (106-140),Q4 (107-141),,,,,
Reed College,OR,90,82,87,93,77,74,75,57,54,49,54,54,52,47,53,56,T2 (53-112),,T2 (52-80),T2 (43-80),T2 (41-89),T2 (43-92),37,T4 (122-161),T2 (41-80),Q2 (36-70),Q2 (36-70),Q2 (36-70),Q2 (37-71),,,12,11,9
Gustavus Adolphus College,MN,90,85,77,79,64,76,85,81,79,80,88,,79,73,77,70,T2 (53-112),,T2 (52-80),T2 (43-80),T2 (41-89),T2 (43-92),T2 (41-80),T2 (41-81),T2 (41-80),Q3 (71-105),Q2 (36-70),Q3 (71-105),Q3 (72-106),,,,,
Ursinus College,PA,90,93,95,93,,82,75,71,71,77,81,69,69,71,70,70,T2 (53-112),,T2 (52-80),T2 (43-80),T2 (41-89),T2 (43-92),T3 (81-120),T2 (41-81),T3 (81-120),Q3 (71-105),Q3 (71-105),Q3 (71-105),Q3 (72-106),,,,,
New College of Florida,FL,90,101,90,82,87,89,87,94,99,97,94,87,86,88,,,,,,,,,,,,,,,,,,,,
Southwestern University,TX,90,96,95,90,87,65,60,71,62,61,68,59,57,61,62,52,T2 (53-112),,T2 (52-80),T2 (43-80),T2 (41-89),T2 (43-92),T2 (41-80),T2 (41-81),T3 (81-120),,,,,,,,,
Bennington College,VT,95,87,90,93,89,100,100,102,122,112,104,106,91,100,96,70,T2 (53-112),,T3 (81-120),T4 (122-161),T3 (90-122),T2 (43-92),T3 (81-120),T3 (82-121),T3 (81-120),Q3 (71-105),Q3 (71-105),Q2 (36-70),Q2 (37-71),,,,,
Augustana College,IL,95,101,99,105,105,100,96,86,88,97,88,91,104,94,89,88,T2 (53-112),,T3 (81-120),T3 (81-121),T2 (41-89),T2 (43-92),T3 (81-120),T3 (82-121),T3 (81-120),Q3 (71-105),Q4 (106-140),Q4 (106-140),Q3 (72-106),,,,,
St. John's University,MN,95,85,77,79,73,76,75,71,62,68,71,75,69,69,77,81,T2 (53-112),,T3 (81-120),T3 (81-121),T3 (90-122),T3 (93-127),T3 (81-120),T3 (82-121),T3 (81-120),Q4 (106-140),Q4 (106-140),Q4 (106-140),Q3 (72-106),,,,,
College of the Atlantic,ME,95,93,83,82,99,93,90,116,131,,,T3 (126-184),T3 (111-162),T3 (111-164),T3 (111-162),T4 (162-214),T4 (162-214),,,,,,T4 (121-160),T4 (122-161),T4 (121-160),,,,,,,,,
Ohio Wesleyan University,OH,95,101,95,108,99,100,108,102,105,105,111,97,95,100,89,97,T2 (53-112),,T3 (81-120),T3 (81-121),T3 (90-122),T2 (43-92),T2 (41-80),T2 (41-81),T2 (41-80),,,,,,,,,
St. Anselm College,NH,95,106,115,112,120,120,130,139,122,,,T3 (126-184),T3 (111-162),T3 (111-164),T3 (111-162),T3 (111-161),T3 (113-161),,,,,,,,,,,,,,,,,
St. Mary's College,IN,95,101,95,82,96,76,87,90,93,97,104,91,,,,,,,,,,,,,,,,,,,,,,
St. Mary's College of Maryland,MD,95,96,99,93,89,89,87,90,88,92,84,87,95,84,87,78,T2 (53-112),,T2 (52-80),T2 (43-80),T2 (41-89),T2 (43-92),T2 (41-80),T3 (82-121),T3 (81-120),,,,,,,,,
Lake Forest College,IL,103,101,108,108,120,110,100,99,105,97,94,97,95,T3 (111-164),105,97,T2 (53-112),,T3 (81-120),T3 (81-121),T3 (90-122),T2 (43-92),T2 (41-80),T2 (41-81),T2 (41-80),Q2 (36-70),Q2 (36-70),Q2 (36-70),Q2 (37-71),,,,,
Austin College,TX,103,93,105,79,89,82,63,64,81,68,71,75,74,73,70,78,T2 (53-112),,T3 (81-120),T2 (43-80),T2 (41-89),T2 (43-92),T3 (81-120),T3 (82-121),T3 (81-120),Q3 (71-105),Q3 (71-105),Q3 (71-105),Q3 (72-106),,,,,
Hollins University,VA,103,112,105,108,112,110,112,116,105,105,98,97,104,88,87,85,T2 (53-112),,T2 (52-80),T2 (43-80),T2 (41-89),T2 (43-92),T3 (81-120),T3 (82-121),T3 (81-120),Q3 (71-105),Q3 (71-105),Q3 (71-105),Q3 (72-106),,,,,
Hope College,MI,103,106,108,100,99,100,100,94,88,92,88,97,95,94,96,91,T2 (53-112),,T3 (81-120),T3 (81-121),T2 (41-89),T3 (93-127),T3 (81-120),T2 (41-81),T3 (81-120),Q3 (71-105),Q3 (71-105),Q3 (71-105),Q3 (72-106),,,,,
Washington and Jefferson College,PA,103,106,99,100,96,97,90,102,101,92,104,106,104,94,83,91,T2 (53-112),,T3 (81-120),T3 (81-121),T2 (41-89),T3 (93-127),T3 (81-120),T3 (82-121),T2 (41-80),Q3 (71-105),Q3 (71-105),Q3 (71-105),Q3 (72-106),,,,,
Millsaps College,MS,108,87,90,93,89,82,90,85,93,89,84,87,82,81,89,91,T2 (53-112),,T2 (52-80),T2 (43-80),T2 (41-89),T2 (43-92),T3 (81-120),T3 (82-121),T3 (81-120),Q3 (71-105),Q3 (71-105),Q3 (71-105),Q3 (72-106),,,,,
Washington College,MD,108,96,99,100,105,107,96,110,93,112,94,97,T3 (111-162),104,89,97,T2 (53-112),,T3 (81-120),T3 (81-121),T3 (90-122),T3 (93-127),T3 (81-120),T3 (82-121),T3 (81-120),Q3 (71-105),Q3 (71-105),Q3 (71-105),Q3 (72-106),,,,,
Westmont College,CA,108,96,99,93,96,94,90,90,99,92,111,106,104,104,T3 (111-162),97,T3 (113-161),,T3 (81-120),T4 (122-161),T4 (123-162),T4 (128-158),T4 (121-160),T3 (82-121),T3 (81-120),Q4 (106-140),Q4 (106-140),Q4 (106-140),Q4 (107-141),,,,,
Linfield College,OR,108,117,128,120,124,123,112,121,105,118,118,122,,,,,,,,,,,,,,,,,,,,,,
Whittier College,CA,108,128,132,127,133,126,145,133,137,,,T3 (126-184),T3 (111-162),T3 (111-164),T3 (111-162),T3 (111-161),T3 (113-161),,T3 (81-120),T3 (81-121),T3 (90-122),T3 (93-127),T4 (121-160),T3 (82-121),T3 (81-120),,,,,,,,,
Hampden-Sydney College,VA,113,96,105,108,105,97,108,94,111,97,98,106,104,104,T3 (111-162),106,T3 (113-161),,T3 (81-120),T3 (81-121),T3 (90-122),T3 (93-127),T2 (41-80),T3 (82-121),T3 (81-120),Q3 (71-105),Q3 (71-105),Q3 (71-105),Q2 (37-71),,,,,
Hanover College,IN,113,112,122,116,113,115,112,116,114,105,98,91,86,94,89,90,T2 (53-112),,T4 (121-162),T3 (81-121),T3 (90-122),T3 (93-127),T3 (81-120),T3 (82-121),T4 (121-160),Q3 (71-105),Q3 (71-105),Q3 (71-105),Q3 (72-106),,,,,
Elizabethtown College,PA,113,117,115,,,,,,,,,,,,,,,,,,,,,,,,,,,,,,,
Drew University,NJ,116,112,108,112,99,107,100,94,79,68,71,63,69,66,59,59,T2 (53-112),,T2 (52-80),T2 (43-80),T2 (41-89),T2 (43-92),T2 (41-80),T2 (41-81),T2 (41-80),Q2 (36-70),Q2 (36-70),Q2 (36-70),Q3 (72-106),,,,,
Goucher College,MD,116,112,113,112,105,110,110,121,111,105,111,91,91,94,96,91,T2 (53-112),,T3 (81-120),T3 (81-121),T3 (90-122),T3 (93-127),T3 (81-120),T3 (82-121),T2 (41-80),Q2 (36-70),Q2 (36-70),Q3 (71-105),Q3 (72-106),,,,,
Marlboro College,VT,116,117,128,136,,,,,,,,T3 (126-184),T3 (111-162),T3 (111-164),T3 (111-162),T3 (111-161),T3 (113-161),,T4 (121-162),T4 (122-161),T4 (123-162),T4 (128-158),T4 (121-160),T4 (122-161),T4 (121-160),Q3 (71-105),Q3 (71-105),Q3 (71-105),Q3 (72-106),,,,,
St. Michael's College,VT,116,106,99,105,99,89,90,99,93,105,104,106,,,,,,,,,,,,,,,,,,,,,,
Randolph-Macon College,VA,120,126,132,125,124,134,112,127,131,,,122,104,104,105,97,T3 (113-161),,T3 (81-120),T3 (81-121),T3 (90-122),T3 (93-127),T3 (81-120),T3 (82-121),T4 (121-160),Q4 (106-140),Q3 (71-105),Q3 (71-105),Q3 (72-106),,,,,
Ripon College,WI,120,117,113,116,113,120,124,116,105,122,,T3 (126-184),T3 (111-162),T3 (111-164),T3 (111-162),T3 (111-161),T3 (113-161),,T3 (81-120),T3 (81-121),T3 (90-122),T2 (43-92),T3 (81-120),T3 (82-121),T3 (81-120),Q3 (71-105),Q3 (71-105),Q3 (71-105),Q3 (72-106),,,,,
Grove City College,PA,120,126,122,134,139,141,133,133,127,,,T3 (126-184),,,,,,,,,,,,,,,,,,,,,,
Westminster College,PA,120,?,?,125,116,115,124,121,119,122,122,T3 (126-184),T3 (111-162),T3 (111-164),T3 (111-162),T3 (111-161),T2 (53-112),,T3 (81-120),T3 (81-121),T4 (123-162),T4 (128-158),T4 (121-160),T4 (122-161),T4 (121-160),,,,,,,,,
Coe College,IA,124,123,119,116,120,120,112,102,101,97,98,106,95,T3 (111-164),105,T3 (111-161),T2 (53-112),,T3 (81-120),T3 (81-121),T4 (123-162),T3 (93-127),T3 (81-120),T3 (82-121),T3 (81-120),Q3 (71-105),Q3 (71-105),Q3 (71-105),Q3 (72-106),,,,,
McDaniel College,MD,124,134,128,134,129,126,140,139,122,,,,T3 (111-162),T3 (111-164),T3 (111-162),T3 (111-161),T3 (113-161),,,,,,,,,,,,,,,,,
Stonehill College,MA,124,111,108,116,105,115,100,112,105,112,115,106,,,,,,,,,,,,,,,,,,,,,,
Sweet Briar College,VA,127,134,140,,116,110,100,99,101,77,84,83,74,71,68,63,T2 (53-112),,T2 (52-80),T2 (43-80),T2 (41-89),T2 (43-92),T2 (41-80),T3 (82-121),T2 (41-80),Q3 (71-105),Q2 (36-70),Q2 (36-70),Q2 (37-71),,,,,
Concordia College-Moorhead,MN,127,117,115,120,129,138,133,139,137,,,T3 (126-184),T3 (111-162),T3 (111-164),T3 (111-162),T3 (111-161),T3 (113-161),,T4 (121-162),T4 (122-161),T4 (123-162),T4 (128-158),T4 (121-160),T4 (122-161),T4 (121-160),,,,,,,,,
Presbyterian College,SC,127,123,119,127,124,126,121,121,119,105,104,106,T3 (111-162),100,89,106,T2 (53-112),,T2 (52-80),T3 (81-121),T3 (90-122),T3 (93-127),T3 (81-120),T3 (82-121),T3 (81-120),,,,,,,,,
St. Norbert College,WI,127,134,132,127,123,134,138,127,127,,,T3 (126-184),,,,,,,,,,,,,,,,,,,,,,
Birmingham-Southern College,AL,131,123,132,120,124,115,124,102,93,92,81,76,74,88,70,66,T2 (53-112),,T2 (52-80),T2 (43-80),T2 (41-89),T2 (43-92),T2 (41-80),T2 (41-81),T2 (41-80),Q3 (71-105),Q3 (71-105),Q3 (71-105),Q4 (107-141),,,,,
Salem College,NC,131,117,122,136,148,156,,,166,,,T3 (126-184),T3 (111-162),T3 (111-164),T3 (111-162),T3 (111-161),T3 (113-161),,T4 (121-162),T4 (122-161),T4 (123-162),T4 (128-158),T4 (121-160),T4 (122-161),T4 (121-160),Q4 (106-140),Q4 (106-140),Q4 (106-140),Q4 (107-141),,,,,
College of Idaho,ID,131,168,168,169,159,167,164,171,174,,,,,,,,,,,,,,,,,,,,,,,,,
Lycoming College,PA,131,147,154,164,159,161,156,151,144,,,T3 (126-184),T3 (111-162),T3 (111-164),T3 (111-162),T3 (111-161),T3 (113-161),,,,,,,,,,,,,,,,,
Eckerd College,FL,135,128,122,127,124,141,138,144,137,,,T3 (126-184),T3 (111-162),T3 (111-164),T3 (111-162),T3 (111-161),T3 (113-161),,T4 (121-162),T3 (81-121),T3 (90-122),T3 (93-127),T3 (81-120),T3 (82-121),T3 (81-120),Q3 (71-105),Q3 (71-105),Q3 (71-105),Q3 (72-106),,,,,
Monmouth College,IL,135,147,159,167,165,165,172,162,174,,,T3 (126-184),T3 (111-162),T3 (111-164),T3 (111-162),T3 (111-161),T3 (113-161),,T4 (121-162),T4 (122-161),T4 (123-162),T4 (128-158),T4 (121-160),T4 (122-161),T4 (121-160),,,,,,,,,
Roanoke College,VA,135,138,140,143,133,126,133,133,158,,,T3 (126-184),T3 (111-162),T3 (111-164),T3 (111-162),T3 (111-161),T3 (113-161),,,,,,,,,,,,,,,,,
Siena College,NY,135,134,122,112,113,126,112,112,114,121,118,122,T3 (111-162),T3 (111-164),T3 (111-162),T3 (111-161),T3 (113-161),,T3 (81-120),T3 (81-121),T3 (90-122),T3 (93-127),T3 (81-120),T4 (122-161),,,,,,,,,,
Simpson College,IA,135,147,149,143,139,154,145,151,144,,,T3 (126-184),,,,,,,,,,,,,,,,,,,,,,
Susquehanna University,PA,135,141,132,120,116,115,,116,114,112,115,106,104,T3 (111-164),T3 (111-162),T3 (111-161),T3 (113-161),,,,,,,,,,,,,,,,,
Randolph College,VA,141,138,132,158,133,134,112,112,114,118,118,91,86,84,83,81,T2 (53-112),,T2 (52-80),T2 (43-80),T2 (41-89),T2 (43-92),T2 (41-80),T2 (41-81),T3 (81-120),Q3 (71-105),Q3 (71-105),Q3 (71-105),Q3 (72-106),,,,,
Central College,IA,141,128,132,136,139,134,151,144,144,122,122,T3 (126-184),,,,,,,T4 (121-162),T4 (122-161),T4 (123-162),T3 (93-127),T4 (121-160),T4 (122-161),T4 (121-160),,,,,,,,,
Alma College,MI,143,141,146,143,139,126,130,133,137,,,T3 (126-184),T3 (111-162),T3 (111-164),T3 (111-162),T3 (111-161),T2 (53-112),,T3 (81-120),T3 (81-121),T3 (90-122),T3 (93-127),T3 (81-120),T3 (82-121),T3 (81-120),Q3 (71-105),Q3 (71-105),Q3 (71-105),Q3 (72-106),,,,,
Houghton College,NY,143,147,144,136,139,141,140,133,137,,,T3 (126-184),T3 (111-162),T3 (111-164),T3 (111-162),T3 (111-161),T3 (113-161),,T4 (121-162),T3 (81-121),T4 (123-162),T4 (128-158),T4 (121-160),T4 (122-161),T4 (121-160),Q4 (106-140),Q4 (106-140),Q4 (106-140),Q4 (107-141),,,,,
Wartburg College,IA,143,128,132,143,159,146,151,151,152,,,T3 (126-184),,,,,,,T4 (121-162),T4 (122-161),T4 (123-162),T4 (128-158),T4 (121-160),T4 (122-161),T4 (121-160),Q4 (106-140),Q4 (106-140),Q4 (106-140),Q4 (107-141),,,,,
Franklin College,IN,143,147,168,,,,,,,,,,,,,,,,T4 (121-162),T4 (122-161),T4 (123-162),T4 (128-158),T4 (121-160),T4 (122-161),T4 (121-160),,,,,,,,,
Illinois College,IL,143,138,128,136,155,156,156,133,158,,,T3 (126-184),,,,,,,T4 (121-162),T4 (122-161),T4 (123-162),T4 (128-158),T4 (121-160),T4 (122-161),T4 (121-160),,,,,,,,,
Morehouse College,GA,143,160,159,148,133,126,124,127,127,,,T3 (126-184),T3 (111-162),T3 (111-164),T3 (111-162),T3 (111-161),T3 (113-161),,T4 (121-162),T4 (122-161),T4 (123-162),T3 (93-127),T3 (81-120),T3 (82-121),,,,,,,,,,
University of North Carolina-Asheville,NC,143,141,159,148,159,146,156,165,158,,,T3 (126-184),T3 (111-162),T3 (111-164),T3 (111-162),T3 (111-161),T3 (113-161),,,,,,T4 (121-160),T4 (122-161),T4 (121-160),,,,,,,,,
Warren Wilson College,NC,143,160,159,164,165,167,175,162,183,,,T3 (126-184),,,,,,,,,,,,,,,,,,,,,,
Wesleyan College,GA,143,141,140,158,133,161,145,151,158,,,T3 (126-184),T3 (111-162),T3 (111-164),T3 (111-162),T3 (111-161),T3 (113-161),,T4 (121-162),T4 (122-161),T4 (123-162),T4 (128-158),T4 (121-160),T4 (122-161),T4 (121-160),,,,,,,,,
Albion College,MI,152,128,122,100,99,100,112,102,111,97,104,116,91,84,83,85,T2 (53-112),,T3 (81-120),T3 (81-121),T3 (90-122),T3 (93-127),T3 (81-120),T2 (41-81),T2 (41-80),Q3 (71-105),Q3 (71-105),Q3 (71-105),Q3 (72-106),,,,,
Fisk University,TN,152,,171,171,165,146,145,144,122,,,118,T3 (111-162),T3 (111-164),T3 (111-162),T3 (111-161),T3 (113-161),,,,,,,,,,,,,,,,,
Saint Vincent College,PA,152,147,149,154,,,,,,,,,,,,,,,,,,,,,,,,,,,,,,
Doane University,NE,155,158,149,158,164,156,167,165,152,,,T3 (126-184),,,,,,,,,,,,,,,,,,,,,,
Elmira College,NY,155,165,174,,,,,,,,,,,,,,,,,,,,,,,,,,,,,,,
Hiram College,OH,155,141,149,154,148,156,167,156,152,,,T3 (126-184),T3 (111-162),T3 (111-164),T3 (111-162),T3 (111-161),T3 (113-161),,T3 (81-120),T3 (81-121),T3 (90-122),T3 (93-127),T3 (81-120),T3 (82-121),T3 (81-120),,,,,,,,,
Moravian College,PA,155,165,159,148,133,138,140,127,131,122,,T3 (126-184),T3 (111-162),T3 (111-164),T3 (111-162),T3 (111-161),T3 (113-161),,T3 (81-120),T3 (81-121),T3 (90-122),T4 (128-158),T4 (121-160),T4 (122-161),T4 (121-160),,,,,,,,,
University of Minnesota-Morris,MN,155,141,140,136,139,154,161,144,152,,,T3 (126-184),T3 (111-162),T3 (111-164),T3 (111-162),T3 (111-161),T3 (113-161),,T4 (121-162),T4 (122-161),T4 (123-162),T4 (128-158),T4 (121-160),T4 (122-161),T3 (81-120),,,,,,,,,
Westminster College,MO,155,147,?,148,159,?,?,?,166,,,T3 (126-184),T3 (111-162),T3 (111-164),T3 (111-162),T3 (111-161),T3 (113-161),,T4 (121-162),T4 (122-161),T4 (123-162),T4 (128-158),T4 (121-160),T4 (122-161),T4 (121-160),,,,,,,,,
William Jewell College,MO,155,147,154,158,155,146,140,127,131,,,T3 (126-184),T3 (111-162),T3 (111-164),T3 (111-162),T3 (111-161),T3 (113-161),,T4 (121-162),T4 (122-161),T4 (123-162),T4 (128-158),T4 (121-160),T4 (122-161),T4 (121-160),,,,,,,,,
Gordon College,MA,162,168,171,158,139,138,130,144,131,,,T3 (126-184),T3 (111-162),T3 (111-164),T3 (111-162),T3 (111-161),T3 (113-161),,T4 (121-162),T4 (122-161),T4 (123-162),T4 (128-158),T4 (121-160),T4 (122-161),T4 (121-160),Q4 (106-140),Q4 (106-140),Q4 (106-140),Q4 (107-141),,,,,
Claflin University,SC,162,,,174,,,,178,,,,,,,,,,,,,,,,,,,,,,,,,,
Emory and Henry College,VA,162,168,174,174,172,173,172,157,144,,,T3 (126-184),T3 (111-162),T3 (111-164),T3 (111-162),T3 (111-161),T3 (113-161),,,,,,,,,,,,,,,,,
Massachusetts College of Liberal Arts,MA,162,,,,165,176,,178,,,,T4 (187-248),T4 (163-213),T4 (165-215),T4 (163-215),T4 (162-214),T4 (162-214),,,,,,,,,,,,,,,,,
Meredith College,NC,162,163,154,,,,,,180,,,T3 (126-184),,,,,,,,,,,,,,,,,,,,,,
Northland College,WI,162,,174,,172,180,178,176,183,,,T4 (187-248),,,,,,,,,,,,,,,,,,,,,,
Centenary College of Louisiana,LA,168,147,146,148,148,167,170,171,,,,T3 (126-184),,,,,,,,,,,,,,Q4 (106-140),Q4 (106-140),Q4 (106-140),Q4 (107-141),,,,,
Guilford College,NC,168,160,146,158,172,173,167,157,166,,,T3 (126-184),T4 (163-213),T3 (111-164),T3 (111-162),T3 (111-161),T3 (113-161),,T3 (81-120),T3 (81-121),T3 (90-122),T3 (93-127),T3 (81-120),T4 (122-161),T4 (121-160),Q4 (106-140),Q4 (106-140),Q4 (106-140),Q3 (72-106),,,,,
Covenant College,GA,168,168,159,,,,,,,,,,,,,,,,,,,,,,,,,,,,,,,
Wittenberg University,OH,168,158,154,148,139,123,121,121,114,118,,118,T3 (111-162),T3 (111-164),105,97,T2 (53-112),,T3 (81-120),,T3 (90-122),T2 (43-92),T3 (81-120),T2 (41-81),T2 (41-80),,,,,,,,,
SUNY-Purchase College,NY,172,,,171,171,156,175,177,187,,,T4 (187-248),,,,,,,,,,,,,,Q4 (106-140),Q4 (106-140),Q4 (106-140),Q4 (107-141),,,,,
Albright College,PA,T2 (173-229),,,,177,176,172,165,166,,,T3 (126-184),T3 (111-162),T3 (111-164),T3 (111-162),T3 (111-161),T3 (113-161),,T4 (121-162),T4 (122-161),T4 (123-162),T4 (128-158),T4 (121-160),T3 (82-121),T4 (121-160),Q4 (106-140),Q3 (71-105),Q3 (71-105),Q3 (72-106),,,,,
Wells College,NY,T2 (173-229),168,174,136,148,141,133,127,144,,,122,T3 (111-162),94,105,106,T2 (53-112),,T3 (81-120),T3 (81-121),T2 (41-89),T2 (43-92),T3 (81-120),T3 (82-121),T3 (81-120),Q2 (36-70),Q2 (36-70),Q3 (71-105),Q2 (37-71),,,,,
Bethany College,WV,T2 (173-229),,,,,,178,165,162,,,T3 (126-184),T4 (163-213),T4 (165-215),T4 (163-215),T4 (162-214),T3 (113-161),,T4 (121-162),T4 (122-161),T4 (123-162),T3 (93-127),T4 (121-160),T4 (122-161),T4 (121-160),Q4 (106-140),Q4 (106-140),Q4 (106-140),Q4 (107-141),,,,,
Emmanuel College,MA,T2 (173-229),,,,,,,,,,,,,,,,,,,,,,,,,Q4 (106-140),Q4 (106-140),Q4 (106-140),Q4 (107-141),,,,,
Hartwick College,NY,T2 (173-229),165,159,164,165,161,164,171,174,,,T3 (126-184),T3 (111-162),T3 (111-164),T3 (111-162),T4 (162-214),T3 (113-161),,T4 (121-162),T4 (122-161),T4 (123-162),T3 (93-127),T3 (81-120),T4 (122-161),T4 (121-160),Q4 (106-140),Q4 (106-140),Q4 (106-140),Q4 (107-141),,,,,
Marymount Manhattan College,NY,T2 (173-229),,,,,,,,,,,T4 (187-248),T4 (163-213),T4 (165-215),T4 (163-215),T4 (162-214),T4 (162-214),,,,,,,,,Q4 (106-140),Q4 (106-140),Q4 (106-140),Q4 (107-141),,,,,
Oglethorpe University,GA,T2 (173-229),,159,167,148,165,164,157,166,,,T3 (126-184),T3 (111-162),T3 (111-164),T3 (111-162),T3 (111-161),T3 (113-161),,T3 (81-120),T3 (81-121),T3 (90-122),T3 (93-127),T4 (121-160),T3 (82-121),T3 (81-120),Q3 (71-105),Q4 (106-140),Q4 (106-140),Q4 (107-141),,,,,
Allen University,SC,T2 (173-229),,,,,,,,,,,,,,,,,,,,,,,,,,,,,,,,,
American Jewish University,CA,T2 (173-229),,,,,167,151,,,,,T3 (126-184),,,,,,,,,,,,,,,,,,,,,,
Ava Maria University,FL,T2 (173-229),,,,,,,,,,,,,,,,,,,,,,,,,,,,,,,,,
Bard College at Simon's Rock,MA,T2 (173-229),147,144,,,,,,,,,,,,,,,,T4 (121-162),T4 (122-161),T3 (90-122),T4 (128-158),T4 (121-160),T4 (122-161),T3 (81-120),,,,,,,,,
Bethany Lutheran College,MN,T2 (173-229),,,,,,,178,,,,,,,,,,,,,,,,,,,,,,,,,,
Bethel College,KS,T2 (173-229),,,,,,,,137,,,T3 (126-184),,,,,,,,,,,,,,,,,,,,,,
Bethune-Cookman University,FL,T2 (173-229),,,,,,,,,,,,,,,,,,,,,,,,,,,,,,,,,
Bloomfield College,NJ,T2 (173-229),,,,,,,,,,,T4 (187-248),,,,,,,,,,,,,,,,,,,,,,
Bridgewater College,VA,T2 (173-229),,,,178,,,178,187,,,T4 (187-248),T4 (163-213),T4 (165-215),T4 (163-215),T4 (162-214),T4 (162-214),,,,,,,,,,,,,,,,,
Bryn Athyn College of the New Church,PA,T2 (173-229),,,,,,,,,,,,,,,,,,,,,,,,,,,,,,,,,
Carthage College,WI,T2 (173-229),163,154,154,155,167,161,165,,,,,,,,,,,,,,,,,,,,,,,,,,
Cheyney University of Pennsylvania,PA,T2 (173-229),,,,,,,,,,,,,,,,,,,T4 (122-161),,,,,,,,,,,,,,
Davis and Elkins College,WV,T2 (173-229),,,,,,,,,,,,,,,,,,,,,,,,,,,,,,,,,
Dillard University,LA,T2 (173-229),,,,,,,,,,,T3 (126-184),,,,,,,,,,,,,,,,,,,,,,
East-West University,IL,T2 (173-229),,,,,,,,,,,,,,,,,,,,,,,,,,,,,,,,,
Erskine College,SC,T2 (173-229),,,,178,180,156,144,,,,,T3 (111-162),T3 (111-164),T3 (111-162),T3 (111-161),T3 (113-161),,T4 (121-162),T4 (122-161),T3 (90-122),T3 (93-127),T4 (121-160),T4 (122-161),T4 (121-160),,,,,,,,,
Fort Lewis College,CO,T2 (173-229),,,,,,,,,,,T4 (187-248),T4 (163-213),T4 (165-215),T4 (163-215),T4 (162-214),T4 (162-214),,,,,,,,,,,,,,,,,
Georgetown College,KY,T2 (173-229),147,168,154,155,146,151,151,162,,,T3 (126-184),T3 (111-162),T3 (111-164),T3 (111-162),T3 (111-161),T3 (113-161),,T4 (121-162),T4 (122-161),T4 (123-162),T4 (128-158),T4 (121-160),T4 (122-161),,,,,,,,,,
Holy Cross College,IN,T2 (173-229),,,,,,,,,,,,,,,,,,,,,,,,,,,,,,,,,
Johnson C. Smith University,NC,T2 (173-229),,,,,,,,,,,T4 (187-248),,,,,,,,,,,,,,,,,,,,,,
Judson College,AL,T2 (173-229),,,,,,,,,,,T4 (187-248),T4 (163-213),T4 (165-215),T4 (163-215),T4 (162-214),T4 (162-214),,T4 (121-162),T4 (122-161),T4 (123-162),T4 (128-158),T4 (121-160),T4 (122-161),T4 (121-160),,,,,,,,,
LaGrange College,GA,T2 (173-229),,,,,,,,,,,,,,,,,,,,,,,,,,,,,,,,,
Louisiana State University-Alexandria,LA,T2 (173-229),,,,,,,,,,,,,,,,,,,,,,,,,,,,,,,,,
Lyon College,AR,T2 (173-229),,,,165,167,156,157,144,97,111,91,T3 (111-162),T3 (111-164),T3 (111-162),T3 (111-161),T3 (113-161),,,,,,,,,,,,,,,,,
Maryville College,TN,T2 (173-229),,,,,176,161,171,174,,,T3 (126-184),,,,,,,,,,,,,,,,,,,,,,
Ouachita Baptist University,AR,T2 (173-229),,171,170,176,173,170,165,,,,,,,,,,,,,,,,,,,,,,,,,,
Pacific Union College,CA,T2 (173-229),,,,,,,,,,,,,,,,,,,,,,,,,,,,,,,,,
Paine College,GA,T2 (173-229),,,,,,,,,,,T4 (187-248),T4 (163-213),T4 (165-215),T4 (163-215),T4 (162-214),T4 (162-214),,,,,,,,,,,,,,,,,
Philander Smith College,AR,T2 (173-229),,,,,,,,,,,,,,,,,,,,,,,,,,,,,,,,,
Pine Manor College,MA,T2 (173-229),,,,,,,,,,,T4 (187-248),T4 (163-213),T4 (165-215),T4 (163-215),T4 (162-214),T4 (162-214),,,,,,,,,,,,,,,,,
Providence Christian College,CA,T2 (173-229),,,,,,,,,,,,,,,,,,,,,,,,,,,,,,,,,
Schreiner University,TX,T2 (173-229),,,,,,,,,,,,T4 (163-213),T4 (165-215),T4 (163-215),T4 (162-214),T4 (162-214),,,,,,,,,,,,,,,,,
Shepherd University,WV,T2 (173-229),,,,,,,,,,,,,,,,,,T4 (121-162),T4 (122-161),T4 (123-162),T4 (128-158),T4 (121-160),T4 (122-161),T4 (121-160),,,,,,,,,
Southern Virginia University,VA,T2 (173-229),,,,,,,,,,,,,,,,,,,,,,,,,,,,,,,,,
Spring Hill College,AL,T2 (173-229),,,,,,,,,,,,,,,,,,,,,,,,,,,,,,,,,
Stillman College,AL,T2 (173-229),,,,,,,,,,,,,,,,,,,,,,,,,,,,,,,,,
The King's College,NY,T2 (173-229),,,,,,,,,,,,,,,,,,,,,,,,,,,,,,,,,
Thiel College,PA,T2 (173-229),,,,,,,,,,,T4 (187-248),,,,,,,,,,,,,,,,,,,,,,
Thomas More College of Liberal Arts,NH,T2 (173-229),,,,,,,,,,,,,,,,,,,,,,,,,,,,,,,,,
Tougaloo College,MS,T2 (173-229),,,,,,,,166,,,T4 (187-248),T4 (163-213),T4 (165-215),T4 (163-215),T4 (162-214),T4 (162-214),,,,,,,,,,,,,,,,,
University of Maine-Machias,ME,T2 (173-229),,,,,,,,,,,T4 (187-248),,,,,,,,,,,,,,,,,,,,,,
University of Pikesville,KY,T2 (173-229),,,,,,,,,,,,,,,,,,,,,,,,,,,,,,,,,
University of Science and Arts of Oklahoma,OK,T2 (173-229),,,,,,,,,,,,,,,,,,,,,,,,,,,,,,,,,
University of Virginia-Wise,VA,T2 (173-229),,,,,,,,,,,T4 (187-248),T4 (163-213),T4 (165-215),T4 (163-215),T4 (162-214),T4 (162-214),,,,,,,,,,,,,,,,,
University of Wisconsin-Parkside,WI,T2 (173-229),,,,,,,,,,,T4 (187-248),,,,,,,,,,,,,,,,,,,,,,
Virginia Union University,VA,T2 (173-229),,,,,,,,,,,,T4 (163-213),T4 (165-215),T4 (163-215),T4 (162-214),T4 (162-214),,,,,,,,,,,,,,,,,
Virginia Wesleyan University,VA,T2 (173-229),,,,,176,,,,,,T4 (187-248),T4 (163-213),T4 (165-215),T4 (163-215),T4 (162-214),T4 (162-214),,T4 (121-162),T4 (122-161),T4 (123-162),T4 (128-158),T4 (121-160),T4 (122-161),T4 (121-160),,,,,,,,,
West Virginia State University,WV,T2 (173-229),,,,,,,,,,,T4 (187-248),,,,,,,,,,,,,,,,,,,,,,
William Peace University,NC,T2 (173-229),,,,,,,,,,,,,,,,,,,,,,,,,,,,,,,,,
Young Harris College,GA,T2 (173-229),,174,,,,,,,,,,,,,,,,,,,,,,,,,,,,,,,
Chatham College,PA,,,,,,,,,,,,,T3 (111-162),T3 (111-164),T3 (111-162),T3 (111-161),T3 (113-161),,T4 (121-162),T4 (122-161),T4 (123-162),T4 (128-158),T4 (121-160),T3 (82-121),T4 (121-160),Q3 (71-105),Q3 (71-105),Q2 (36-70),Q2 (37-71),,,,,
Hampshire College,MA,,,,,,110,112,110,119,105,104,118,91,104,101,T3 (111-161),T2 (53-112),,T3 (81-120),T3 (81-121),T3 (90-122),T3 (93-127),T3 (81-120),T3 (82-121),T3 (81-120),Q2 (36-70),Q2 (36-70),Q2 (36-70),Q2 (37-71),,,,,
Hamline University,MN,,,,,,,,,,,,,,,,,,,T3 (81-120),T3 (81-121),T3 (90-122),T3 (93-127),T3 (81-120),T3 (82-121),T3 (81-120),Q3 (71-105),Q3 (71-105),Q3 (71-105),Q4 (107-141),,,,,
Mills College,CA,,,,,,,,,,,,,82,73,70,66,T2 (53-112),,T2 (52-80),T2 (43-80),T3 (90-122),T3 (93-127),T2 (41-80),T3 (82-121),T3 (81-120),Q3 (71-105),Q3 (71-105),Q3 (71-105),Q2 (37-71),,,,,
University of Dallas,TX,,,,,,,,,,,,,T3 (111-162),T3 (111-164),T3 (111-162),T3 (111-161),T3 (113-161),,T4 (121-162),T4 (122-161),T4 (123-162),T3 (93-127),T4 (121-160),T4 (122-161),T3 (81-120),Q3 (71-105),Q3 (71-105),Q3 (71-105),Q4 (107-141),,,,,
Antioch University,OH,,,,,,,,,,,,,T3 (111-162),T3 (111-164),T4 (163-215),T3 (111-161),T3 (113-161),,T4 (121-162),T4 (122-161),T4 (123-162),T3 (93-127),T4 (121-160),T4 (122-161),T4 (121-160),Q4 (106-140),Q4 (106-140),Q4 (106-140),Q3 (72-106),,,,,
Barat College,IL,,,,,,,,,,,,,,,,,,,,,,,,,,Q4 (106-140),Q4 (106-140),Q4 (106-140),Q4 (107-141),,,,,
Benedictine College,KS,,,,,,,,,,,,,,,,,,,,,,,,,,Q4 (106-140),Q4 (106-140),Q4 (106-140),Q4 (107-141),,,,,
Blackburn College,IL,,,,,,,,,,,,,T4 (163-213),T4 (165-215),T4 (163-215),T4 (162-214),T4 (162-214),,,,,,,,,Q4 (106-140),Q4 (106-140),Q4 (106-140),Q4 (107-141),,,,,
Carroll College,WI,,,,,,,,,,,,,,,,,,,,,,,,,,Q4 (106-140),Q4 (106-140),Q4 (106-140),Q4 (107-141),,,,,
Chestnut Hill College,PA,,,,,,,,,,,,,,,,,,,,,,,,,,Q4 (106-140),Q4 (106-140),Q4 (106-140),Q4 (107-141),,,,,
College of Mount St. Vincent,NY,,,,,,,,,,,,,,,,,,,,,,,,,,Q4 (106-140),Q4 (106-140),Q4 (106-140),Q4 (107-141),,,,,
Goddard College,VT,,,,,,,,,,,,,,,,,,,,,,,,,,Q4 (106-140),Q4 (106-140),Q4 (106-140),Q4 (107-141),,,,,
Goshen College,IN,,,,127,129,141,140,139,137,,,T3 (126-184),T3 (111-162),T3 (111-164),T3 (111-162),T3 (111-161),T3 (113-161),,T4 (121-162),T4 (122-161),T4 (123-162),T4 (128-158),T4 (121-160),T4 (122-161),T4 (121-160),Q4 (106-140),Q4 (106-140),Q4 (106-140),Q4 (107-141),,,,,
King College,TN,,,,,,,,,,,,,T4 (163-213),T4 (165-215),T4 (163-215),T4 (162-214),T4 (162-214),,,,,,,,,Q4 (106-140),Q4 (106-140),Q4 (106-140),Q4 (107-141),,,,,
Lebanon Valley College,PA,,,,,,,,,,,,,,,,,,,,,,,,,,Q4 (106-140),Q4 (106-140),Q4 (106-140),Q4 (107-141),,,,,
MacMurray College,IL,,,,,,,,,,,,,,,,,,,,,,,,,,Q4 (106-140),Q4 (106-140),Q4 (106-140),Q4 (107-141),,,,,
Manhattanville College,NY,,,,,,,,,,,,,,,,,,,T4 (121-162),T4 (122-161),T4 (123-162),T4 (128-158),T4 (121-160),T4 (122-161),T4 (121-160),Q4 (106-140),Q4 (106-140),Q4 (106-140),Q4 (107-141),,,,,
Nebraska Wesleyan University,NE,,,,143,148,146,145,144,152,,,T3 (126-184),T3 (111-162),T3 (111-164),T3 (111-162),T3 (111-161),T3 (113-161),,T4 (121-162),T4 (122-161),T4 (123-162),T4 (128-158),T4 (121-160),T4 (122-161),T4 (121-160),Q4 (106-140),Q4 (106-140),Q4 (106-140),Q4 (107-141),,,,,
Neumann College,PA,,,,,,,,,,,,,,,,,,,,,,,,,,Q4 (106-140),Q4 (106-140),Q4 (106-140),Q4 (107-141),,,,,
Regis College,MA,,,,,,,,,,,,,,,,,,,,,,,,,,Q4 (106-140),Q4 (106-140),Q4 (106-140),Q4 (107-141),,,,,
Rockford College,IL,,,,,,,,,,,,,,,,,,,,,,,,,,Q4 (106-140),Q4 (106-140),Q4 (106-140),Q4 (107-141),,,,,
Thomas More University,KY,,,,,,,,,,,,,,,,,,,,,,,,,,Q4 (106-140),Q4 (106-140),Q4 (106-140),Q4 (107-141),,,,,
Western Maryland College,MD,,,,,,,,,,,,,,,,,,,T3 (81-120),T3 (81-121),T4 (123-162),T4 (128-158),T4 (121-160),T4 (122-161),T4 (121-160),Q4 (106-140),Q4 (106-140),Q4 (106-140),Q4 (107-141),,,,,
Adrian College,MI,,,,,,,,,,,,,T4 (163-213),T4 (165-215),T4 (163-215),T4 (162-214),T4 (162-214),,,,,,,,,,,,,,,,,
Albert Magnus College,CT,,,,,,,,,,,,T4 (187-248),,,,,,,,,,,,,,,,,,,,,,
Albertson College,ID,,,,,,,,,,,,T3 (126-184),T4 (163-213),T3 (111-164),T3 (111-162),T3 (111-161),T3 (113-161),,,,,,,,,,,,,,,,,
Alfred University,NY,,,159,,,,,,,,,,,,,,,,,,,,,,,,,,,,,,,
Arkansas Baptist College,AR,,,,,,,,,,,,,T4 (163-213),T4 (165-215),T4 (163-215),T4 (162-214),T4 (162-214),,,,,,,,,,,,,,,,,
Asbury University,KY,,,,,,,,,162,,,T3 (126-184),,,,,,,,,,,,,,,,,,,,,,
Ashford University,IA,,,,,,,,,,,,,,T4 (165-215),,,,,,,,,,,,,,,,,,,,
Atlantic Union College,MA,,,,,,,,,,,,T4 (187-248),,,,,,,,,,,,,,,,,,,,,,
Baker University,KS,,,,,,,,,144,,,T4 (187-248),,,,,,,,,,,,,,,,,,,,,,
Barber Scotia College,NC,,,,,,,,,,,,,,T4 (165-215),T4 (163-215),T4 (162-214),T4 (162-214),,,,,,,,,,,,,,,,,
Bennett College,NC,,,,,,,,,,,,T4 (187-248),T4 (163-213),T4 (165-215),T4 (163-215),T4 (162-214),T4 (162-214),,,,,,,,,,,,,,,,,
Berry College,GA,,,,127,129,126,124,121,122,112,118,118,,,,,,,,,,,,,,,,,,,,,,
Bethel Collegee,TN,,,,,,,,,,,,,T4 (163-213),T4 (165-215),T4 (163-215),T4 (162-214),T4 (162-214),,,,,,,,,,,,,,,,,
Borromeo College of Ohio,OH,,,,,,,,,,,,,,,,,,,,,,,,,,,,,Q4 (107-141),,,,,
Brevard College,NC,,,,,,,,,,,,T4 (187-248),,,,,,,,,,,,,,,,,,,,,,
Brigham Young University-Hawaii,HI,,,,,,,,,,,,T4 (187-248),,,,,,,,,,,,,,,,,,,,,,
Burlington College,VT,,,,,,,,,,,,,,,T4 (163-215),T4 (162-214),T4 (162-214),,,,,,,,,,,,,,,,,
California State University-Monterey Bay,CA,,,,,,,,,,,,T4 (187-248),T4 (163-213),T4 (165-215),T4 (163-215),,,,,,,,,,,,,,,,,,,
Calvin College,MI,,,,120,116,100,110,102,101,112,115,116,,,,,,,,,,,,,,,,,,,,,,
Carroll College,MT,,,,,,,,,181,,,T3 (126-184),,,,,,,,,,,,,,,,,,,,,,
Carson-Newman College,TN,,,,,,,,,183,,,T3 (126-184),,,,,,,,,,,,,,,,,,,,,,
Cedar Crest College,PA,,,,,,,,,,,,T3 (126-184),,,,,,,,,,,,,,,,,,,,,,
Christendom College,VA,,,,,,,,,,,,,T4 (163-213),T3 (111-164),T4 (163-215),T4 (162-214),T4 (162-214),,T4 (121-162),,,,,,,,,,,,,,,
Christian Heritage College,CA,,,,,,,,,,,,,,T4 (165-215),T4 (163-215),T4 (162-214),T4 (162-214),,,,,,,,,,,,,,,,,
Christopher Newport University,VA,,,,,,,,,,,,T4 (187-248),T4 (163-213),T4 (165-215),T4 (163-215),T4 (162-214),T4 (162-214),,,,,,,,,,,,,,,,,
Clarke University,IA,,,,,,,,,162,,,T3 (126-184),,,,,,,,,,,,,,,,,,,,,,
Coastal Carolina University,SC,,,,,,,,,,,,T4 (187-248),T4 (163-213),T4 (165-215),T4 (163-215),T4 (162-214),T4 (162-214),,,,,,,,,,,,,,,,,
Colorado State University-Pueblo,CO,,,,,,,,,,,,T4 (187-248),,,,,,,,,,,,,,,,,,,,,,
Concordia College,NY,,,,,,,,,,,,T4 (187-248),,,,,,,,,,,,,,,,,,,,,,
Eastern Mennonite University,VA,,,,171,172,180,175,175,181,,,T4 (187-248),T3 (111-162),T4 (165-215),T3 (111-162),T4 (162-214),T4 (162-214),,,,,,,,,,,,,,,,,
Evangel University,MO,,,,,,,,,,,,T4 (187-248),,,,,,,,,,,,,,,,,,,,,,
Evergreen State College,WA,,,,,,,,,,,,,T4 (163-213),T4 (165-215),T4 (163-215),T4 (162-214),T4 (162-214),,,,,,,,,,,,,,,,,
Ferrum College,VA,,,,,,,,,,,,T4 (187-248),,,,,,,,,,,,,,,,,,,,,,
Franklin Pierce University,NH,,,,,,,,,,,,T4 (187-248),T4 (163-213),T4 (165-215),T4 (163-215),T4 (162-214),T4 (162-214),,,,,,,,,,,,,,,,,
Green Mountain College,VT,,,,,,,,,,,,T4 (187-248),,,,,,,,,,,,,,,,,,,,,,
Greensboro College,NC,,,,,,,,,,,,T4 (187-248),T4 (163-213),T4 (165-215),T4 (163-215),T4 (162-214),T4 (162-214),,,,,,,,,,,,,,,,,
Hastings College,NE,,,,,,,,,174,,,T3 (126-184),T4 (163-213),T3 (111-164),T3 (111-162),T3 (111-161),T4 (162-214),,T4 (121-162),T4 (122-161),T4 (123-162),T4 (128-158),T4 (121-160),T4 (122-161),T4 (121-160),,,,,,,,,
Huntingdon College,AL,,,,,,,,,,,,T4 (187-248),T4 (163-213),T4 (165-215),T3 (111-162),T3 (111-161),T3 (113-161),,T4 (121-162),T4 (122-161),T4 (123-162),T4 (128-158),T4 (121-160),T4 (122-161),T4 (121-160),,,,,,,,,
Huston-Tillotson University,TX,,,,,,,,,,,,T4 (187-248),,,,,,,,,,,,,,,,,,,,,,
Jarvis Christian College,TX,,,,,,,,,,,,T4 (187-248),,,,,,,,,,,,,,,,,,,,,,
Kentucky Wesleyan College,KY,,,,,,,,,,,,T4 (187-248),,,,,,,,,,,,,,,,,,,,,,
Lambuth University,TN,,,,,,,,,,,,T4 (187-248),,,,,,,,,,,,,,,,,,,,,,
Lane College,TN,,,,,,,,,,,,T4 (187-248),T4 (163-213),T4 (165-215),T4 (163-215),T4 (162-214),T4 (162-214),,,,,,,,,,,,,,,,,
Lees-McRae College,NC,,,,,,,,,,,,,T4 (163-213),T4 (165-215),T4 (163-215),T4 (162-214),T4 (162-214),,,,,,,,,,,,,,,,,
Lindsey Wilson College,KY,,,,,,,,,,,,T4 (187-248),T4 (163-213),T4 (165-215),T4 (163-215),T4 (162-214),T4 (162-214),,,,,,,,,,,,,,,,,
Long Island University-Southampton College,NY,,,,,,,,,,,,,,,T4 (163-215),T4 (162-214),T4 (162-214),,,,,,,,,,,,,,,,,
Mary Washington College,VA,,,,,,,,,,,,,,,,,T3 (113-161),,,,,,,,,,,,,,,,,
McPherson College,KS,,,,,,,,,,,,T4 (187-248),,,,,,,,,,,,,,,,,,,,,,
Merrimack College,MA,,,,,,,,,174,,,T3 (126-184),,,,,,,,,,,,,,,,,,,,,,
Mesa State College,CO,,,,,,,,,,,,T4 (187-248),T4 (163-213),T4 (165-215),T4 (163-215),T4 (162-214),T4 (162-214),,,,,,,,,,,,,,,,,
Metropolitan State College of Denver,CO,,,,,,,,,,,,T4 (187-248),,,,,,,,,,,,,,,,,,,,,,
Millikin University,IL,,,,,,,,,144,,,T3 (126-184),,,,,,,,,,,,,,,,,,,,,,
Mount St. Clare College,IA,,,,,,,,,,,,,,,,,T4 (162-214),,,,,,,,,,,,,,,,,
Muskingum College,OH,,,,,,,,,,,,,T3 (111-162),T3 (111-164),T3 (111-162),T3 (111-161),T4 (162-214),,,,,,,,,,,,,,,,,
National Hispanic University,CA,,,,,,,,,,,,,T4 (163-213),T4 (165-215),T4 (163-215),T4 (162-214),,,,,,,,,,,,,,,,,,
North Greenville University,SC,,,,,,,,,,,,T4 (187-248),,,,,,,,,,,,,,,,,,,,,,
Olivet College,MI,,,,,,,,,,,,T4 (187-248),T4 (163-213),T4 (165-215),T4 (163-215),T4 (162-214),T4 (162-214),,,,,,,,,,,,,,,,,
Peace College,NC,,,,,,,,,,,,T4 (187-248),,,,,,,,,,,,,,,,,,,,,,
Providence College,RI,,,,,,,,,,,,,,,,,,,,,,,,,T4 (121-160),,,,,,,,,
Richard Stockton College of New Jersey,NJ,,,,,,,,,,,,,T3 (111-162),T3 (111-164),T4 (163-215),T4 (162-214),T4 (162-214),,T4 (121-162),T4 (122-161),T4 (123-162),T4 (128-158),T4 (121-160),T4 (122-161),T4 (121-160),,,,,,,,,
Rosemont College,PA,,,,,,,,,,,,,T3 (111-162),T3 (111-164),T3 (111-162),T3 (111-161),T3 (113-161),,,,,,,,,,,,,,,,,
Russell Sage College,NY,,,,,,,,,131,,,T3 (126-184),,,,,,,,,,,,,,,,,,,,,,
San Diego Christian College,CA,,,,,,,,,,,,,T4 (163-213),,,,,,,,,,,,,,,,,,,,,
Seton Hill University,PA,,,,,,,,,,,,,T4 (163-213),T4 (165-215),T4 (163-215),T4 (162-214),T4 (162-214),,,,,,,,,,,,,,,,,
Shawnee State University,OH,,,,,,,,,,,,,T4 (163-213),T4 (165-215),T4 (163-215),T4 (162-214),T4 (162-214),,,,,,,,,,,,,,,,,
Sierra Nevada College,NV,,,,,,,,,,,,T4 (187-248),,,,,,,,,,,,,,,,,,,,,,
Simpson University,CA,,,,,,,,,,,,T4 (187-248),,,,,,,,,,,,,,,,,,,,,,
St. Andrews Presbyterian College,NC,,,,,,,,,,,,T4 (187-248),T4 (163-213),T4 (165-215),T4 (163-215),T4 (162-214),T4 (162-214),,T4 (121-162),T4 (122-161),T4 (123-162),T4 (128-158),T4 (121-160),T4 (122-161),T4 (121-160),,,,,,,,,
St. Augustine's College,NC,,,,,,,,,,,,T3 (126-184),T4 (163-213),T4 (165-215),T4 (163-215),T4 (162-214),T4 (162-214),,,,,,,,,,,,,,,,,
St. Francis College,NY,,,,,,,,,,,,T4 (187-248),,,,,,,,,,,,,,,,,,,,,,
St. Vincent College,PA,,,,,148,146,145,157,152,,,T3 (126-184),T3 (111-162),T3 (111-164),T3 (111-162),T3 (111-161),T3 (113-161),,,,,,,,,,,,,,,,,
Stephens College,MO,,,,,,,,,,,,T4 (187-248),T4 (163-213),T4 (165-215),T4 (163-215),T3 (111-161),T4 (162-214),,,,,,,,,,,,,,,,,
Sterling College,KS,,,,,,,,,,,,T4 (187-248),,,,,,,,,,,,,,,,,,,,,,
SUNY-Old Westbury,NY,,,,,,,,,,,,T4 (187-248),,,,,,,,,,,,,,,,,,,,,,
Talladega College,AL,,,,,,,,,,,,T4 (187-248),T3 (111-162),T4 (165-215),T4 (163-215),T4 (162-214),T4 (162-214),,,,,,,,,,,,,,,,,
Texas A&M University-Galveston,TX,,,,,,,,,,,,,T4 (163-213),T4 (165-215),T4 (163-215),T4 (162-214),T4 (162-214),,,,,,,,,,,,,,,,,
Texas Lutheran University,TX,,,,,,,,,,,,T4 (187-248),,,,,,,,,,,,,,,,,,,,,,
The Franciscan University,IA,,,,,,,,,,,,,,,T4 (163-215),T4 (162-214),,,,,,,,,,,,,,,,,,
University of Hawaii-Hilo,HI,,,,,,,,,,,,T4 (187-248),T4 (163-213),T4 (165-215),T4 (163-215),T4 (162-214),T4 (162-214),,,,,,,,,,,,,,,,,
University of Judaism,CA,,,,,,,,,,,,,T4 (163-213),T4 (165-215),T3 (111-162),T3 (111-161),T3 (113-161),,,,,,,T3 (82-121),T4 (121-160),,,,,,,,,
University of Main-Presque Isle,ME,,,,,,,,,,,,,T4 (163-213),T4 (165-215),T4 (163-215),T4 (162-214),T4 (162-214),,,,,,,,,,,,,,,,,
University of Mount Union,OH,,,,,,,,,166,,,,,,,,,,,,,,,,,,,,,,,,,
University of Pittsburgh-Bradford,PA,,,,,,,,,,,,,T4 (163-213),T4 (165-215),T4 (163-215),T4 (162-214),T4 (162-214),,,,,,,,,,,,,,,,,
University of Pittsburgh-Greensburg,PA,,,,,,,,,,,,,T4 (163-213),T4 (165-215),T4 (163-215),T4 (162-214),T4 (162-214),,,,,,,,,,,,,,,,,
University of Wisconsin-Green Bay,WI,,,,,,,,,,,,T4 (187-248),,,,,,,,,,,,,,,,,,,,,,
Warner Pacific College,OR,,,,,,,,,,,,,T4 (163-213),T4 (165-215),T4 (163-215),T4 (162-214),T4 (162-214),,,,,,,,,,,,,,,,,
West Virginia Wesleyan College,WV,,,,,,,,,,,,T4 (187-248),T4 (163-213),T4 (165-215),T4 (163-215),T4 (162-214),T4 (162-214),,,,,,,,,,,,,,,,,
Western State College of Colorado,CO,,,,,,,,,,,,T4 (187-248),T4 (163-213),T4 (165-215),T4 (163-215),T4 (162-214),T4 (162-214),,,,,,,,,,,,,,,,,
Wingate University,NC,,,,,,,,,,,,T4 (187-248),,,,,,,,,,,,,,,,,,,,,,
Wisconsin Lutheran College,WI,,,,174,178,,178,178,183,,,T3 (126-184),,,,,,,,,,,,,,,,,,,,,,
Xavier University of Louisiana,LA,,,,,178,161,178,,,,,,,,,,,,,,,,,,,,,,,,,,,
